Date,High,Low,Open,Close,Volume,Adj Close
2010-01-04,14.54063606262207,14.284452438354492,14.284452438354492,14.408126831054688,2849400.0,13.032767295837402
2010-01-05,14.381625175476074,14.187278747558594,14.310954093933105,14.34628963470459,2672000.0,12.976834297180176
2010-01-06,14.72614860534668,14.302120208740234,14.302120208740234,14.558303833007812,4376800.0,13.168610572814941
2010-01-07,14.646642684936523,14.319787979125977,14.646642684936523,14.443463325500488,3762500.0,13.064730644226074
2010-01-08,14.558303833007812,14.319787979125977,14.496466636657715,14.505300521850586,1895500.0,13.120665550231934
2010-01-11,14.664311408996582,14.416960716247559,14.628974914550781,14.549469947814941,2351500.0,13.160619735717773
2010-01-12,14.567137718200684,13.939929008483887,14.567137718200684,14.037102699279785,2908900.0,12.697159767150879
2010-01-13,14.16077709197998,13.869257926940918,14.15194320678711,13.957596778869629,3935300.0,12.625242233276367
2010-01-14,14.08127212524414,13.88692569732666,13.9664306640625,13.984099388122559,3540600.0,12.64921760559082
2010-01-15,14.125441551208496,13.61307430267334,14.028268814086914,13.719080924987793,6050800.0,12.409497261047363
2010-01-19,14.028268814086914,13.780919075012207,13.780919075012207,13.948762893676758,3143500.0,12.617253303527832
2010-01-20,13.878091812133789,13.515900611877441,13.789752960205078,13.666077613830566,4020900.0,12.361554145812988
2010-01-21,13.975264549255371,13.356890678405762,13.710247039794922,13.409893989562988,5905300.0,12.129823684692383
2010-01-22,13.480565071105957,13.003533363342285,13.445229530334473,13.021201133728027,4133600.0,11.778233528137207
2010-01-25,13.401060104370117,12.994699478149414,13.401060104370117,13.268550872802734,2322400.0,12.001972198486328
2010-01-26,13.454063415527344,13.180212020874023,13.268550872802734,13.259716987609863,6530100.0,11.993982315063477
2010-01-27,13.330389022827148,12.950530052185059,13.162544250488281,13.162544250488281,4525600.0,11.906086921691895
2010-01-28,13.321555137634277,12.76501750946045,13.15371036529541,12.853357315063477,19406600.0,11.626412391662598
2010-01-29,13.286218643188477,12.932862281799316,13.021201133728027,12.9681978225708,4413300.0,11.730291366577148
2010-02-01,13.136042594909668,12.809186935424805,13.136042594909668,12.994699478149414,4249800.0,11.75426197052002
2010-02-02,13.295052528381348,12.932862281799316,13.083039283752441,13.286218643188477,5123500.0,12.017953872680664
2010-02-03,14.169610977172852,13.719080924987793,13.904593467712402,14.090106010437012,11112000.0,12.745104789733887
2010-02-04,14.010601043701172,13.524735450744629,13.957596778869629,13.524735450744629,5755000.0,12.23370361328125
2010-02-05,13.719080924987793,13.03886890411377,13.5335693359375,13.454063415527344,9145700.0,12.16977596282959
2010-02-08,13.374558448791504,13.03886890411377,13.374558448791504,13.07420539855957,4111500.0,11.826179504394531
2010-02-09,13.524735450744629,13.162544250488281,13.312721252441406,13.392226219177246,4269500.0,12.11384105682373
2010-02-10,13.330389022827148,12.950530052185059,13.286218643188477,13.091873168945312,3058500.0,11.84216022491455
2010-02-11,13.445229530334473,12.977031707763672,13.23321533203125,13.445229530334473,4184500.0,12.161787033081055
2010-02-12,13.683745384216309,13.303887367248535,13.401060104370117,13.674911499023438,5601400.0,12.36954402923584
2010-02-16,14.0017671585083,13.621908187866211,13.772085189819336,14.0017671585083,4078500.0,12.66519832611084
2010-02-17,14.063604354858398,13.869257926940918,13.922261238098145,13.975264549255371,2397200.0,12.64122486114502
2010-02-18,14.116607666015625,13.833922386169434,13.948762893676758,14.037102699279785,2797600.0,12.697159767150879
2010-02-19,14.222615242004395,13.869257926940918,13.931095123291016,14.15194320678711,3116700.0,12.801036834716797
2010-02-22,14.240283012390137,14.037102699279785,14.213781356811523,14.054770469665527,2096300.0,12.713140487670898
2010-02-23,14.204947471618652,13.745582580566406,14.090106010437012,13.789752960205078,3097000.0,12.473421096801758
2010-02-24,14.07243824005127,13.780919075012207,13.833922386169434,14.063604354858398,2676100.0,12.721131324768066
2010-02-25,14.010601043701172,13.621908187866211,13.763251304626465,13.975264549255371,3147000.0,12.64122486114502
2010-02-26,14.028268814086914,13.772085189819336,13.957596778869629,13.913427352905273,2424100.0,12.585290908813477
2010-03-01,14.363957405090332,13.939929008483887,14.0017671585083,14.275618553161621,2141100.0,12.912907600402832
2010-03-02,14.42579460144043,14.169610977172852,14.399292945861816,14.310954093933105,1940000.0,12.94487190246582
2010-03-03,14.408126831054688,14.204947471618652,14.302120208740234,14.249116897583008,2661600.0,12.888936996459961
2010-03-04,14.408126831054688,14.116607666015625,14.381625175476074,14.408126831054688,3009500.0,13.032767295837402
2010-03-05,14.849822998046875,14.416960716247559,14.416960716247559,14.849822998046875,5130700.0,13.432302474975586
2010-03-08,14.867490768432617,14.699646949768066,14.849822998046875,14.761484146118164,1880200.0,13.420172691345215
2010-03-09,14.80565357208252,14.628974914550781,14.752650260925293,14.770318031311035,3161100.0,13.428204536437988
2010-03-10,14.796819686889648,14.673145294189453,14.73498249053955,14.779151916503906,2414300.0,13.436236381530762
2010-03-11,14.779151916503906,14.584805488586426,14.73498249053955,14.743816375732422,2208300.0,13.404112815856934
2010-03-12,14.955830574035645,14.5318021774292,14.88515853881836,14.584805488586426,3927100.0,13.259549140930176
2010-03-15,14.699646949768066,14.372791290283203,14.584805488586426,14.487632751464844,2641000.0,13.171208381652832
2010-03-16,14.690813064575195,14.478798866271973,14.593639373779297,14.637808799743652,4370700.0,13.30773639678955
2010-03-17,14.80565357208252,14.593639373779297,14.752650260925293,14.708480834960938,4824200.0,13.371988296508789
2010-03-18,14.840989112854004,14.567137718200684,14.840989112854004,14.752650260925293,4400500.0,13.412141799926758
2010-03-19,14.902827262878418,14.593639373779297,14.832155227661133,14.628974914550781,4301900.0,13.299705505371094
2010-03-22,14.673145294189453,14.408126831054688,14.478798866271973,14.664311408996582,2699700.0,13.331830024719238
2010-03-23,14.787985801696777,14.549469947814941,14.699646949768066,14.787985801696777,4346900.0,13.444268226623535
2010-03-24,14.902827262878418,14.681979179382324,14.787985801696777,14.867490768432617,5536200.0,13.516548156738281
2010-03-25,15.388692855834961,15.026501655578613,15.061837196350098,15.053003311157227,3702500.0,13.685203552246094
2010-03-26,15.26501750946045,14.929328918457031,15.053003311157227,15.097172737121582,3392900.0,13.725358963012695
2010-03-29,15.247349739074707,15.07950496673584,15.247349739074707,15.167844772338867,2722100.0,13.7896089553833
2010-03-30,15.203180313110352,14.982332229614258,15.097172737121582,15.044169425964355,2147100.0,13.677173614501953
2010-03-31,15.19434642791748,14.946996688842773,15.044169425964355,15.026501655578613,2557700.0,13.661109924316406
2010-04-01,15.238515853881836,14.973498344421387,15.07950496673584,15.167844772338867,1818800.0,13.7896089553833
2010-04-05,15.53886890411377,15.07950496673584,15.150177001953125,15.37985897064209,2135900.0,13.982359886169434
2010-04-06,15.45936393737793,15.220848083496094,15.388692855834961,15.318020820617676,1709500.0,13.926140785217285
2010-04-07,15.27385139465332,15.017667770385742,15.212014198303223,15.141343116760254,2181400.0,13.765519142150879
2010-04-08,15.335688591003418,15.017667770385742,15.053003311157227,15.318020820617676,2230400.0,13.926140785217285
2010-04-09,15.865724563598633,15.318020820617676,15.388692855834961,15.742049217224121,2874600.0,14.311639785766602
2010-04-12,15.803887367248535,15.583039283752441,15.662544250488281,15.600707054138184,1574100.0,14.183141708374023
2010-04-13,15.9982328414917,15.494699478149414,15.54770278930664,15.901060104370117,4738800.0,14.456201553344727
2010-04-14,16.210247039794922,15.84805679321289,15.909893989562988,16.210247039794922,3908500.0,14.737293243408203
2010-04-15,16.35158920288086,16.024734497070312,16.254417419433594,16.166078567504883,4185000.0,14.69714069366455
2010-04-16,16.325088500976562,15.909893989562988,16.07773780822754,16.00706672668457,6403800.0,14.552576065063477
2010-04-19,16.201414108276367,15.795052528381348,16.060070037841797,16.07773780822754,3217800.0,14.61682415008545
2010-04-20,16.289752960205078,16.07773780822754,16.113073348999023,16.10424041748047,3258300.0,14.64091968536377
2010-04-21,16.35158920288086,16.130741119384766,16.298585891723633,16.30742073059082,5778200.0,14.825640678405762
2010-04-22,16.369258880615234,15.936395645141602,16.183746337890625,16.360424041748047,4792300.0,14.87382698059082
2010-04-23,16.342756271362305,16.042402267456055,16.227914810180664,16.342756271362305,4338000.0,14.857762336730957
2010-04-26,16.60777473449707,16.254417419433594,16.333921432495117,16.431095123291016,3417500.0,14.938075065612793
2010-04-27,16.289752960205078,15.812721252441406,16.210247039794922,15.883392333984375,5487200.0,14.440138816833496
2010-04-28,16.051237106323242,15.565370559692383,15.92756175994873,15.795052528381348,3979900.0,14.359827041625977
2010-04-29,16.183746337890625,15.91872787475586,15.936395645141602,16.015901565551758,2771100.0,14.560606956481934
2010-04-30,16.316253662109375,15.715547561645508,16.113073348999023,15.715547561645508,3671400.0,14.287544250488281
2010-05-03,16.35158920288086,15.856890678405762,15.856890678405762,16.23674964904785,5258500.0,14.761390686035156
2010-05-04,16.113073348999023,15.477031707763672,16.113073348999023,15.618374824523926,5635800.0,14.199202537536621
2010-05-05,15.035335540771484,14.07243824005127,14.823321342468262,15.008833885192871,8187000.0,13.645048141479492
2010-05-06,15.026501655578613,13.383392333984375,14.902827262878418,14.319787979125977,8661200.0,13.018613815307617
2010-05-07,14.54063606262207,13.736748695373535,14.443463325500488,14.15194320678711,8044800.0,12.866018295288086
2010-05-10,15.238515853881836,14.832155227661133,14.876324653625488,15.061837196350098,5325700.0,13.69323444366455
2010-05-11,15.044169425964355,14.752650260925293,15.044169425964355,14.893993377685547,4455000.0,13.540641784667969
2010-05-12,15.035335540771484,14.752650260925293,15.017667770385742,15.035335540771484,4103200.0,13.669142723083496
2010-05-13,15.212014198303223,14.72614860534668,15.212014198303223,14.796819686889648,3981300.0,13.452298164367676
2010-05-14,14.80565357208252,14.328621864318848,14.761484146118164,14.478798866271973,3530200.0,13.163176536560059
2010-05-17,14.673145294189453,14.107773780822754,14.673145294189453,14.5318021774292,2630400.0,13.211359024047852
2010-05-18,14.664311408996582,14.169610977172852,14.575971603393555,14.222615242004395,2830200.0,12.930270195007324
2010-05-19,14.213781356811523,13.630742073059082,14.107773780822754,13.948762893676758,5284800.0,12.68130111694336
2010-05-20,13.577738761901855,13.189045906066895,13.436395645141602,13.215547561645508,6949100.0,12.014707565307617
2010-05-21,13.551237106323242,12.932862281799316,12.950530052185059,13.480565071105957,5241300.0,12.255645751953125
2010-05-24,13.542403221130371,13.15371036529541,13.277384757995605,13.312721252441406,3794200.0,12.103053092956543
2010-05-25,13.162544250488281,12.703180313110352,12.791519165039062,13.15371036529541,4851900.0,11.958489418029785
2010-05-26,13.471731185913086,13.003533363342285,13.109540939331055,13.180212020874023,6087100.0,11.982583045959473
2010-05-27,13.745582580566406,13.374558448791504,13.454063415527344,13.745582580566406,2993600.0,12.496583938598633
2010-05-28,13.88692569732666,13.392226219177246,13.88692569732666,13.568904876708984,3637700.0,12.335958480834961
2010-06-01,13.666077613830566,13.189045906066895,13.436395645141602,13.197879791259766,3145800.0,11.99864673614502
2010-06-02,13.630742073059082,13.180212020874023,13.189045906066895,13.630742073059082,3431300.0,12.392176628112793
2010-06-03,13.745582580566406,13.356890678405762,13.710247039794922,13.577738761901855,2111000.0,12.34399127960205
2010-06-04,13.409893989562988,13.012367248535156,13.295052528381348,13.03886890411377,2960700.0,11.854085922241211
2010-06-07,13.180212020874023,12.738515853881836,12.985865592956543,12.77385139465332,3446400.0,11.613147735595703
2010-06-08,13.030035018920898,12.641343116760254,12.871025085449219,12.977031707763672,4349300.0,11.797866821289062
2010-06-09,13.401060104370117,12.977031707763672,13.091873168945312,13.091873168945312,2351900.0,11.902270317077637
2010-06-10,13.710247039794922,13.445229530334473,13.471731185913086,13.683745384216309,2406200.0,12.440363883972168
2010-06-11,13.780919075012207,13.409893989562988,13.445229530334473,13.772085189819336,1382000.0,12.52067756652832
2010-06-14,14.0017671585083,13.61307430267334,13.975264549255371,13.648409843444824,3341700.0,12.40824031829834
2010-06-15,14.646642684936523,13.392226219177246,13.445229530334473,14.575971603393555,15262100.0,13.251517295837402
2010-06-16,14.399292945861816,14.107773780822754,14.284452438354492,14.222615242004395,7180200.0,12.930270195007324
2010-06-17,14.249116897583008,14.010601043701172,14.16077709197998,14.204947471618652,3093300.0,12.914207458496094
2010-06-18,14.302120208740234,14.019434928894043,14.302120208740234,14.169610977172852,2463200.0,12.882081985473633
2010-06-21,14.293286323547363,13.878091812133789,14.231449127197266,13.99293327331543,3922700.0,12.721456527709961
2010-06-22,14.134275436401367,13.61307430267334,13.948762893676758,13.674911499023438,2282700.0,12.432332992553711
2010-06-23,13.710247039794922,13.42756175994873,13.621908187866211,13.648409843444824,2834000.0,12.40824031829834
2010-06-24,13.577738761901855,12.853357315063477,13.577738761901855,12.977031707763672,3594600.0,11.797866821289062
2010-06-25,13.021201133728027,12.69434642791748,12.977031707763672,12.826854705810547,3887600.0,11.661338806152344
2010-06-28,13.030035018920898,12.782685279846191,12.888692855834961,12.941696166992188,3142200.0,11.765743255615234
2010-06-29,12.897526741027832,12.30565357208252,12.853357315063477,12.464664459228516,8757000.0,11.332056045532227
2010-06-30,12.570671081542969,12.22614860534668,12.42049503326416,12.23498249053955,2458000.0,11.123244285583496
2010-07-01,12.296819686889648,11.793286323547363,12.181979179382324,12.058303833007812,5249700.0,10.962621688842773
2010-07-02,12.111307144165039,11.722615242004395,12.111307144165039,11.908126831054688,3371800.0,10.826088905334473
2010-07-06,12.323321342468262,11.863957405090332,11.881625175476074,12.102473258972168,4626500.0,11.002775192260742
2010-07-07,12.270318031311035,11.76678466796875,11.934629440307617,12.243816375732422,4345800.0,11.131272315979004
2010-07-08,12.57950496673584,12.30565357208252,12.376324653625488,12.570671081542969,3323500.0,11.428430557250977
2010-07-09,12.77385139465332,12.57950496673584,12.61484146118164,12.756183624267578,2294500.0,11.597084045410156
2010-07-12,12.941696166992188,12.676678657531738,12.782685279846191,12.800353050231934,2485400.0,11.637243270874023
2010-07-13,13.171378135681152,12.77385139465332,12.897526741027832,13.03886890411377,3389500.0,11.854085922241211
2010-07-14,13.144876480102539,12.809186935424805,13.091873168945312,13.100707054138184,5813100.0,11.91030216217041
2010-07-15,13.215547561645508,12.906360626220703,13.100707054138184,13.03886890411377,2552400.0,11.854085922241211
2010-07-16,13.127208709716797,12.455830574035645,12.994699478149414,12.491166114807129,2699900.0,11.356149673461914
2010-07-19,12.738515853881836,12.438162803649902,12.446996688842773,12.712014198303223,1572900.0,11.556927680969238
2010-07-20,12.941696166992188,12.411661148071289,12.57950496673584,12.941696166992188,3413500.0,11.765743255615234
2010-07-21,12.977031707763672,12.57950496673584,12.977031707763672,12.650177001953125,5640700.0,11.500709533691406
2010-07-22,13.15371036529541,12.756183624267578,12.835688591003418,12.985865592956543,2546400.0,11.805898666381836
2010-07-23,13.321555137634277,12.950530052185059,13.003533363342285,13.259716987609863,1881100.0,12.054866790771484
2010-07-26,13.436395645141602,13.15371036529541,13.23321533203125,13.383392333984375,1508800.0,12.167304039001465
2010-07-27,13.471731185913086,13.100707054138184,13.401060104370117,13.215547561645508,1983000.0,12.014707565307617
2010-07-28,13.118374824523926,12.853357315063477,13.118374824523926,12.977031707763672,1977900.0,11.797866821289062
2010-07-29,13.295052528381348,12.747349739074707,13.030035018920898,12.915194511413574,1618300.0,11.741645812988281
2010-07-30,13.100707054138184,12.553003311157227,12.818020820617676,13.065370559692383,2944400.0,11.878178596496582
2010-08-02,13.621908187866211,13.23321533203125,13.250883102416992,13.577738761901855,1940300.0,12.34399127960205
2010-08-03,13.471731185913086,13.136042594909668,13.471731185913086,13.41872787475586,2854100.0,12.199427604675293
2010-08-04,13.789752960205078,13.524735450744629,13.577738761901855,13.763251304626465,2454200.0,12.512646675109863
2010-08-05,14.54063606262207,14.010601043701172,14.34628963470459,14.07243824005127,4025700.0,12.793739318847656
2010-08-06,14.037102699279785,13.61307430267334,13.80742073059082,13.931095123291016,2555000.0,12.665237426757812
2010-08-09,14.063604354858398,13.842756271362305,14.063604354858398,13.931095123291016,754800.0,12.665237426757812
2010-08-10,13.869257926940918,13.551237106323242,13.80742073059082,13.710247039794922,3030200.0,12.464458465576172
2010-08-11,13.383392333984375,12.985865592956543,13.365724563598633,13.100707054138184,1950500.0,11.91030216217041
2010-08-12,12.977031707763672,12.844523429870605,12.906360626220703,12.941696166992188,1706200.0,11.765743255615234
2010-08-13,12.9681978225708,12.782685279846191,12.950530052185059,12.826854705810547,2258900.0,11.661338806152344
2010-08-16,12.862191200256348,12.544169425964355,12.738515853881836,12.826854705810547,2316200.0,11.661338806152344
2010-08-17,13.083039283752441,12.871025085449219,12.9681978225708,13.003533363342285,3089000.0,11.82196044921875
2010-08-18,13.100707054138184,12.729681968688965,12.994699478149414,12.977031707763672,1524300.0,11.797866821289062
2010-08-19,12.87985897064209,12.473498344421387,12.853357315063477,12.632509231567383,1601800.0,11.484648704528809
2010-08-20,12.641343116760254,12.349822998046875,12.544169425964355,12.526501655578613,1489700.0,11.388273239135742
2010-08-23,12.738515853881836,12.349822998046875,12.570671081542969,12.376324653625488,1824600.0,11.251741409301758
2010-08-24,12.279151916503906,12.005300521850586,12.23498249053955,12.137808799743652,1948500.0,11.034900665283203
2010-08-25,12.181979179382324,11.890459060668945,11.987632751464844,12.155476570129395,3176200.0,11.050962448120117
2010-08-26,12.287985801696777,12.049469947814941,12.190813064575195,12.12014102935791,1475100.0,11.018836975097656
2010-08-27,12.349822998046875,11.95229721069336,12.31448745727539,12.349822998046875,1343500.0,11.22764778137207
2010-08-30,12.464664459228516,12.208480834960938,12.349822998046875,12.30565357208252,1894400.0,11.187494277954102
2010-08-31,12.464664459228516,12.067137718200684,12.217314720153809,12.446996688842773,2544300.0,11.315991401672363
2010-09-01,13.056536674499512,12.676678657531738,12.720848083496094,12.977031707763672,5022700.0,11.797866821289062
2010-09-02,13.162544250488281,12.9681978225708,12.977031707763672,13.162544250488281,1352800.0,11.966521263122559
2010-09-03,13.356890678405762,13.162544250488281,13.242049217224121,13.295052528381348,1948800.0,12.156256675720215
2010-09-07,13.242049217224121,12.915194511413574,13.23321533203125,12.9681978225708,1464600.0,11.857399940490723
2010-09-08,13.15371036529541,12.932862281799316,13.012367248535156,13.03886890411377,1272700.0,11.922016143798828
2010-09-09,13.42756175994873,13.23321533203125,13.303887367248535,13.295052528381348,1397300.0,12.156256675720215
2010-09-10,13.42756175994873,13.224381446838379,13.286218643188477,13.33922290802002,1508700.0,12.196642875671387
2010-09-13,13.657243728637695,13.383392333984375,13.480565071105957,13.648409843444824,1317900.0,12.479345321655273
2010-09-14,13.772085189819336,13.50706672668457,13.630742073059082,13.763251304626465,3319200.0,12.5843505859375
2010-09-15,13.79858684539795,13.621908187866211,13.719080924987793,13.763251304626465,2076600.0,12.5843505859375
2010-09-16,13.772085189819336,13.392226219177246,13.727914810180664,13.542403221130371,1651300.0,12.382421493530273
2010-09-17,13.69257926940918,13.480565071105957,13.674911499023438,13.5335693359375,1297800.0,12.37434196472168
2010-09-20,13.975264549255371,13.542403221130371,13.542403221130371,13.878091812133789,1449000.0,12.689355850219727
2010-09-21,14.019434928894043,13.604240417480469,13.948762893676758,13.754417419433594,1123700.0,12.576273918151855
2010-09-22,13.975264549255371,13.489398956298828,13.842756271362305,13.577738761901855,3063400.0,12.414730072021484
2010-09-23,13.79858684539795,13.41872787475586,13.462897300720215,13.5335693359375,2119700.0,12.37434196472168
2010-09-24,14.08127212524414,13.70141315460205,13.70141315460205,13.99293327331543,1498900.0,12.79435920715332
2010-09-27,14.07243824005127,13.727914810180664,14.07243824005127,13.833922386169434,4120900.0,12.648969650268555
2010-09-28,13.913427352905273,13.542403221130371,13.79858684539795,13.79858684539795,2959100.0,12.61666202545166
2010-09-29,13.789752960205078,13.392226219177246,13.780919075012207,13.4982328414917,2278600.0,12.342034339904785
2010-09-30,13.69257926940918,13.224381446838379,13.568904876708984,13.303887367248535,2916100.0,12.164335250854492
2010-10-01,13.524735450744629,13.23321533203125,13.374558448791504,13.480565071105957,2157500.0,12.32587718963623
2010-10-04,13.462897300720215,13.162544250488281,13.374558448791504,13.286218643188477,2074600.0,12.148178100585938
2010-10-05,13.763251304626465,13.462897300720215,13.551237106323242,13.674911499023438,2519100.0,12.503578186035156
2010-10-06,13.842756271362305,13.61307430267334,13.745582580566406,13.745582580566406,2803300.0,12.568197250366211
2010-10-07,13.878091812133789,13.542403221130371,13.789752960205078,13.789752960205078,2599800.0,12.60858154296875
2010-10-08,14.0017671585083,13.727914810180664,13.780919075012207,13.9664306640625,1759900.0,12.770127296447754
2010-10-11,14.0017671585083,13.79858684539795,13.88692569732666,13.851590156555176,1916900.0,12.66512393951416
2010-10-12,13.931095123291016,13.639575958251953,13.736748695373535,13.922261238098145,1926000.0,12.729741096496582
2010-10-13,14.257950782775879,13.869257926940918,13.904593467712402,14.028268814086914,3464300.0,12.826667785644531
2010-10-14,14.178444862365723,13.904593467712402,13.939929008483887,14.010601043701172,1809200.0,12.810514450073242
2010-10-15,14.196112632751465,13.842756271362305,14.15194320678711,14.15194320678711,1730100.0,12.93974781036377
2010-10-18,14.045936584472656,13.88692569732666,14.037102699279785,13.975264549255371,1645900.0,12.778203964233398
2010-10-19,13.939929008483887,13.657243728637695,13.789752960205078,13.772085189819336,3452000.0,12.592429161071777
2010-10-20,14.372791290283203,13.869257926940918,13.878091812133789,14.26678466796875,2379000.0,13.044754981994629
2010-10-21,14.514134407043457,14.107773780822754,14.293286323547363,14.213781356811523,2132000.0,12.996292114257812
2010-10-22,14.293286323547363,14.098939895629883,14.222615242004395,14.187278747558594,767800.0,12.972057342529297
2010-10-25,14.434629440307617,14.169610977172852,14.26678466796875,14.204947471618652,1839800.0,12.988213539123535
2010-10-26,14.169610977172852,14.010601043701172,14.045936584472656,14.090106010437012,2831100.0,12.883206367492676
2010-10-27,14.045936584472656,13.772085189819336,13.860424041748047,14.019434928894043,1976600.0,12.81859302520752
2010-10-28,14.293286323547363,14.15194320678711,14.204947471618652,14.196112632751465,2069200.0,12.980134010314941
2010-10-29,14.275618553161621,14.045936584472656,14.143109321594238,14.213781356811523,3318100.0,12.996292114257812
2010-11-01,14.681979179382324,14.196112632751465,14.293286323547363,14.302120208740234,3379600.0,13.07706069946289
2010-11-02,14.567137718200684,14.399292945861816,14.522968292236328,14.496466636657715,3107000.0,13.254762649536133
2010-11-03,14.743816375732422,14.26678466796875,14.54063606262207,14.522968292236328,2421400.0,13.278995513916016
2010-11-04,14.929328918457031,14.5318021774292,14.92049503326416,14.628974914550781,2810400.0,13.375920295715332
2010-11-05,14.62014102935791,14.34628963470459,14.62014102935791,14.42579460144043,1525100.0,13.190143585205078
2010-11-08,14.434629440307617,14.213781356811523,14.42579460144043,14.319787979125977,2080600.0,13.093217849731445
2010-11-09,14.355123519897461,14.143109321594238,14.319787979125977,14.204947471618652,1876500.0,12.988213539123535
2010-11-10,14.319787979125977,14.028268814086914,14.098939895629883,14.275618553161621,2183600.0,13.05283260345459
2010-11-11,14.372791290283203,14.125441551208496,14.16077709197998,14.257950782775879,2550200.0,13.036676406860352
2010-11-12,14.337455749511719,14.045936584472656,14.16077709197998,14.125441551208496,2264100.0,12.91551685333252
2010-11-15,14.240283012390137,14.010601043701172,14.143109321594238,14.028268814086914,2017200.0,12.826667785644531
2010-11-16,13.975264549255371,13.736748695373535,13.975264549255371,13.860424041748047,2250300.0,12.673200607299805
2010-11-17,14.028268814086914,13.789752960205078,13.869257926940918,13.895759582519531,2496200.0,12.7055082321167
2010-11-18,14.231449127197266,14.019434928894043,14.098939895629883,14.16077709197998,2458100.0,12.947824478149414
2010-11-19,14.15194320678711,13.99293327331543,14.098939895629883,14.107773780822754,1938600.0,12.899364471435547
2010-11-22,14.15194320678711,13.878091812133789,14.090106010437012,14.116607666015625,1963500.0,12.907440185546875
2010-11-23,13.957596778869629,13.639575958251953,13.939929008483887,13.710247039794922,1852200.0,12.535888671875
2010-11-24,13.984099388122559,13.772085189819336,13.878091812133789,13.904593467712402,1084900.0,12.713587760925293
2010-11-26,13.939929008483887,13.727914810180664,13.727914810180664,13.825088500976562,662600.0,12.640892028808594
2010-11-29,13.763251304626465,13.401060104370117,13.674911499023438,13.727914810180664,1938600.0,12.552042961120605
2010-11-30,13.639575958251953,13.454063415527344,13.586572647094727,13.462897300720215,2644200.0,12.309723854064941
2010-12-01,13.984099388122559,13.630742073059082,13.683745384216309,13.851590156555176,2457100.0,12.66512393951416
2010-12-02,14.178444862365723,13.816254615783691,13.816254615783691,14.169610977172852,1353600.0,12.955904006958008
2010-12-03,14.275618553161621,14.045936584472656,14.098939895629883,14.257950782775879,2132600.0,13.036676406860352
2010-12-06,14.249116897583008,14.054770469665527,14.169610977172852,14.187278747558594,1019700.0,12.972057342529297
2010-12-07,14.42579460144043,14.204947471618652,14.355123519897461,14.355123519897461,2517200.0,13.125527381896973
2010-12-08,14.42579460144043,14.169610977172852,14.328621864318848,14.222615242004395,1418800.0,13.00436782836914
2010-12-09,14.363957405090332,14.143109321594238,14.284452438354492,14.196112632751465,881200.0,12.980134010314941
2010-12-10,14.549469947814941,14.222615242004395,14.293286323547363,14.478798866271973,1828500.0,13.238608360290527
2010-12-13,14.549469947814941,14.257950782775879,14.549469947814941,14.293286323547363,2546600.0,13.068984031677246
2010-12-14,14.443463325500488,14.204947471618652,14.204947471618652,14.284452438354492,2337400.0,13.060908317565918
2010-12-15,14.34628963470459,14.134275436401367,14.310954093933105,14.16077709197998,2294400.0,12.947824478149414
2010-12-16,14.34628963470459,14.15194320678711,14.240283012390137,14.257950782775879,970000.0,13.036676406860352
2010-12-17,14.337455749511719,14.169610977172852,14.231449127197266,14.257950782775879,1599700.0,13.036676406860352
2010-12-20,14.381625175476074,14.16077709197998,14.381625175476074,14.240283012390137,974400.0,13.020522117614746
2010-12-21,14.328621864318848,14.196112632751465,14.26678466796875,14.310954093933105,1362000.0,13.085143089294434
2010-12-22,14.699646949768066,14.337455749511719,14.390459060668945,14.681979179382324,1388200.0,13.424386024475098
2010-12-23,14.690813064575195,14.416960716247559,14.416960716247559,14.575971603393555,799900.0,13.3274564743042
2010-12-27,14.505300521850586,14.310954093933105,14.434629440307617,14.399292945861816,650100.0,13.165913581848145
2010-12-28,14.487632751464844,14.275618553161621,14.381625175476074,14.45229721069336,1018000.0,13.214376449584961
2010-12-29,14.73498249053955,14.381625175476074,14.42579460144043,14.46113109588623,1039200.0,13.222454071044922
2010-12-30,14.487632751464844,14.293286323547363,14.390459060668945,14.399292945861816,1060000.0,13.165913581848145
2010-12-31,14.5318021774292,14.319787979125977,14.337455749511719,14.505300521850586,1006200.0,13.262840270996094
2011-01-03,14.743816375732422,14.5318021774292,14.655476570129395,14.558303833007812,1071300.0,13.311304092407227
2011-01-04,14.681979179382324,14.443463325500488,14.496466636657715,14.593639373779297,2234600.0,13.343610763549805
2011-01-05,14.584805488586426,14.46113109588623,14.469964981079102,14.522968292236328,1206500.0,13.278995513916016
2011-01-06,14.664311408996582,14.54063606262207,14.602473258972168,14.593639373779297,2190900.0,13.343610763549805
2011-01-07,14.673145294189453,14.310954093933105,14.611307144165039,14.522968292236328,1287400.0,13.278995513916016
2011-01-10,14.522968292236328,14.26678466796875,14.469964981079102,14.443463325500488,1429100.0,13.206296920776367
2011-01-11,14.45229721069336,14.116607666015625,14.399292945861816,14.275618553161621,2391000.0,13.05283260345459
2011-01-12,14.328621864318848,14.15194320678711,14.310954093933105,14.275618553161621,1988000.0,13.05283260345459
2011-01-13,14.275618553161621,14.045936584472656,14.231449127197266,14.107773780822754,2920800.0,12.899364471435547
2011-01-14,14.107773780822754,13.922261238098145,14.107773780822754,14.08127212524414,1725300.0,12.875130653381348
2011-01-18,14.355123519897461,14.037102699279785,14.16077709197998,14.257950782775879,1819100.0,13.036676406860352
2011-01-19,14.319787979125977,14.125441551208496,14.187278747558594,14.15194320678711,2412100.0,12.93974781036377
2011-01-20,14.522968292236328,14.090106010437012,14.098939895629883,14.443463325500488,3856700.0,13.206296920776367
2011-01-21,15.106006622314453,14.416960716247559,14.496466636657715,14.938162803649902,4713800.0,13.658625602722168
2011-01-24,15.512367248535156,14.637808799743652,14.637808799743652,15.344523429870605,5590400.0,14.030179023742676
2011-01-25,15.282685279846191,15.070671081542969,15.159010887145996,15.282685279846191,2432100.0,13.97363567352295
2011-01-26,15.432862281799316,15.19434642791748,15.326854705810547,15.220848083496094,2024100.0,13.917096138000488
2011-01-27,15.256183624267578,14.911661148071289,14.973498344421387,15.061837196350098,5462400.0,13.77170467376709
2011-01-28,15.238515853881836,14.681979179382324,15.097172737121582,14.752650260925293,3084300.0,13.48900318145752
2011-01-31,14.938162803649902,14.575971603393555,14.743816375732422,14.646642684936523,4133800.0,13.392075538635254
2011-02-01,15.141343116760254,14.699646949768066,14.699646949768066,15.097172737121582,3728100.0,13.804014205932617
2011-02-02,15.54770278930664,15.017667770385742,15.017667770385742,15.4681978225708,3186500.0,14.14326000213623
2011-02-03,16.325088500976562,15.600707054138184,15.627208709716797,16.157243728637695,8178900.0,14.773283958435059
2011-02-04,16.254417419433594,16.015901565551758,16.166078567504883,16.23674964904785,3195100.0,14.845982551574707
2011-02-07,16.21908187866211,15.971731185913086,16.174911499023438,15.971731185913086,2196600.0,14.603662490844727
2011-02-08,16.183746337890625,15.892226219177246,15.91872787475586,16.166078567504883,1550500.0,14.781364440917969
2011-02-09,16.333921432495117,15.9982328414917,16.09540557861328,16.183746337890625,2907700.0,14.797517776489258
2011-02-10,15.980565071105957,15.742049217224121,15.84805679321289,15.803887367248535,5017100.0,14.450194358825684
2011-02-11,16.49293327331543,15.57420539855957,15.609540939331055,16.19257926940918,9475000.0,14.805594444274902
2011-02-14,16.10424041748047,15.812721252441406,16.068904876708984,15.971731185913086,2631800.0,14.603662490844727
2011-02-15,16.23674964904785,15.812721252441406,15.954063415527344,15.9982328414917,3942500.0,14.627894401550293
2011-02-16,16.254417419433594,15.962897300720215,16.015901565551758,16.183746337890625,2374800.0,14.797517776489258
2011-02-17,16.325088500976562,15.909893989562988,16.14841079711914,16.325088500976562,1847900.0,14.926753044128418
2011-02-18,16.58127212524414,16.28091812133789,16.35158920288086,16.545936584472656,1823900.0,15.128684043884277
2011-02-22,16.157243728637695,15.636042594909668,16.00706672668457,15.724381446838379,3401200.0,14.3774995803833
2011-02-23,15.786218643188477,15.4681978225708,15.768550872802734,15.636042594909668,1982600.0,14.296728134155273
2011-02-24,15.84805679321289,15.371025085449219,15.54770278930664,15.759716987609863,2691400.0,14.409809112548828
2011-02-25,16.35158920288086,15.795052528381348,15.83922290802002,16.201414108276367,4274300.0,14.813671112060547
2011-02-28,16.37809181213379,16.174911499023438,16.174911499023438,16.254417419433594,3162500.0,14.86213493347168
2011-03-01,16.39575958251953,15.892226219177246,16.254417419433594,15.936395645141602,3781600.0,14.571353912353516
2011-03-02,16.14841079711914,15.759716987609863,15.830389022827148,16.0335693359375,3364500.0,14.66020393371582
2011-03-03,16.704946517944336,16.10424041748047,16.174911499023438,16.333921432495117,3552400.0,14.93482780456543
2011-03-04,16.74028205871582,16.342756271362305,16.39575958251953,16.53710174560547,6770400.0,15.12060832977295
2011-03-07,16.53710174560547,15.92756175994873,16.448762893676758,16.00706672668457,5903800.0,14.635971069335938
2011-03-08,16.201414108276367,15.750883102416992,16.024734497070312,16.174911499023438,1749600.0,14.789437294006348
2011-03-09,16.183746337890625,15.874558448791504,16.113073348999023,15.9982328414917,2373800.0,14.627894401550293
2011-03-10,15.901060104370117,15.415194511413574,15.662544250488281,15.671378135681152,4482600.0,14.329034805297852
2011-03-11,15.962897300720215,15.512367248535156,15.512367248535156,15.856890678405762,3294600.0,14.4986572265625
2011-03-14,15.759716987609863,15.353357315063477,15.662544250488281,15.680212020874023,2750300.0,14.405247688293457
2011-03-15,15.37985897064209,14.955830574035645,15.044169425964355,15.238515853881836,2843000.0,13.999464988708496
2011-03-16,15.37985897064209,14.832155227661133,15.070671081542969,14.955830574035645,5401500.0,13.739765167236328
2011-03-17,15.353357315063477,15.07950496673584,15.309186935424805,15.123675346374512,2351200.0,13.893961906433105
2011-03-18,15.344523429870605,15.088338851928711,15.26501750946045,15.150177001953125,2389600.0,13.918310165405273
2011-03-21,15.689045906066895,15.300353050231934,15.326854705810547,15.627208709716797,3655000.0,14.35655403137207
2011-03-22,15.812721252441406,15.494699478149414,15.609540939331055,15.618374824523926,4401800.0,14.348438262939453
2011-03-23,15.803887367248535,15.344523429870605,15.503533363342285,15.759716987609863,2780600.0,14.478289604187012
2011-03-24,16.024734497070312,15.636042594909668,15.786218643188477,15.91872787475586,1824500.0,14.624368667602539
2011-03-25,16.113073348999023,15.84805679321289,15.936395645141602,15.971731185913086,1207300.0,14.673062324523926
2011-03-28,16.201414108276367,15.971731185913086,15.9982328414917,15.989398956298828,2043800.0,14.68929386138916
2011-03-29,16.183746337890625,15.909893989562988,15.909893989562988,16.157243728637695,1317300.0,14.843491554260254
2011-03-30,16.510601043701172,16.14841079711914,16.28091812133789,16.39575958251953,2254000.0,15.06261157989502
2011-03-31,16.58127212524414,16.227914810180664,16.325088500976562,16.448762893676758,2487300.0,15.111309051513672
2011-04-01,16.819787979125977,16.528268814086914,16.616607666015625,16.704946517944336,2772600.0,15.346658706665039
2011-04-04,16.828622817993164,16.60777473449707,16.66961097717285,16.731449127197266,2872300.0,15.37100887298584
2011-04-05,16.85512351989746,16.58127212524414,16.634275436401367,16.598939895629883,1292400.0,15.249272346496582
2011-04-06,16.76678466796875,16.316253662109375,16.74028205871582,16.475265502929688,3639000.0,15.135656356811523
2011-04-07,16.484098434448242,16.042402267456055,16.475265502929688,16.298585891723633,2113700.0,14.97334098815918
2011-04-08,16.360424041748047,16.042402267456055,16.342756271362305,16.166078567504883,1610100.0,14.851609230041504
2011-04-11,16.325088500976562,16.07773780822754,16.113073348999023,16.201414108276367,1644300.0,14.88407039642334
2011-04-12,16.068904876708984,15.83922290802002,16.0335693359375,15.954063415527344,2374200.0,14.656831741333008
2011-04-13,16.501766204833984,15.9982328414917,16.113073348999023,16.166078567504883,2959700.0,14.851609230041504
2011-04-14,16.10424041748047,15.856890678405762,16.07773780822754,16.024734497070312,1964600.0,14.721756935119629
2011-04-15,16.386926651000977,15.971731185913086,15.9982328414917,16.30742073059082,1501900.0,14.981457710266113
2011-04-18,16.130741119384766,15.874558448791504,16.0335693359375,16.024734497070312,2565400.0,14.721756935119629
2011-04-19,16.09540557861328,15.830389022827148,16.09540557861328,15.962897300720215,1973500.0,14.664946556091309
2011-04-20,16.40459442138672,16.12190818786621,16.157243728637695,16.272085189819336,1934800.0,14.948994636535645
2011-04-21,16.42226219177246,16.19257926940918,16.39575958251953,16.42226219177246,1459700.0,15.08696174621582
2011-04-25,16.65194320678711,16.386926651000977,16.484098434448242,16.4664306640625,1058700.0,15.127537727355957
2011-04-26,16.67844581604004,16.342756271362305,16.475265502929688,16.625442504882812,1092700.0,15.27362060546875
2011-04-27,16.704946517944336,16.448762893676758,16.625442504882812,16.67844581604004,1322400.0,15.32231330871582
2011-04-28,16.85512351989746,16.55476951599121,16.5636043548584,16.775617599487305,1811200.0,15.41158676147461
2011-04-29,16.828622817993164,16.625442504882812,16.731449127197266,16.69611358642578,1827600.0,15.338546752929688
2011-05-02,16.802120208740234,16.58127212524414,16.590105056762695,16.643110275268555,3380400.0,15.289854049682617
2011-05-03,16.802120208740234,16.35158920288086,16.55476951599121,16.484098434448242,2377100.0,15.143770217895508
2011-05-04,16.722614288330078,16.201414108276367,16.457597732543945,16.386926651000977,1897600.0,15.054497718811035
2011-05-05,16.369258880615234,15.768550872802734,15.777384757995605,16.086572647094727,6572900.0,14.77856731414795
2011-05-06,16.572437286376953,16.183746337890625,16.439929962158203,16.30742073059082,2794400.0,14.981457710266113
2011-05-09,16.42226219177246,16.21908187866211,16.30742073059082,16.245582580566406,1538700.0,14.924647331237793
2011-05-10,16.5636043548584,16.139575958251953,16.245582580566406,16.475265502929688,3458500.0,15.135656356811523
2011-05-11,16.413427352905273,16.07773780822754,16.37809181213379,16.166078567504883,3959100.0,14.851609230041504
2011-05-12,16.166078567504883,15.821555137634277,16.042402267456055,16.12190818786621,3622400.0,14.811029434204102
2011-05-13,16.227914810180664,15.874558448791504,16.157243728637695,15.989398956298828,2848200.0,14.68929386138916
2011-05-16,16.07773780822754,15.724381446838379,15.865724563598633,15.901060104370117,2823700.0,14.608139038085938
2011-05-17,15.945229530334473,15.715547561645508,15.768550872802734,15.92756175994873,2077700.0,14.63248348236084
2011-05-18,16.23674964904785,15.830389022827148,15.92756175994873,16.157243728637695,2907400.0,14.843491554260254
2011-05-19,16.643110275268555,16.245582580566406,16.245582580566406,16.448762893676758,3582300.0,15.111309051513672
2011-05-20,16.39575958251953,16.130741119384766,16.342756271362305,16.272085189819336,2168700.0,14.948994636535645
2011-05-23,15.989398956298828,15.795052528381348,15.92756175994873,15.883392333984375,3167100.0,14.591906547546387
2011-05-24,15.945229530334473,15.777384757995605,15.901060104370117,15.830389022827148,1895900.0,14.543211936950684
2011-05-25,15.971731185913086,15.697879791259766,15.795052528381348,15.84805679321289,2439200.0,14.55944538116455
2011-05-26,16.35158920288086,15.759716987609863,15.856890678405762,16.23674964904785,3182800.0,14.916535377502441
2011-05-27,16.545936584472656,16.201414108276367,16.227914810180664,16.439929962158203,1580000.0,15.103192329406738
2011-05-31,16.731449127197266,16.42226219177246,16.431095123291016,16.660778045654297,3532200.0,15.306085586547852
2011-06-01,16.687278747558594,16.060070037841797,16.634275436401367,16.09540557861328,1983700.0,14.786681175231934
2011-06-02,16.174911499023438,15.945229530334473,15.9982328414917,16.024734497070312,2986700.0,14.721756935119629
2011-06-03,15.954063415527344,15.636042594909668,15.786218643188477,15.724381446838379,2544900.0,14.445825576782227
2011-06-06,15.777384757995605,15.556536674499512,15.65371036529541,15.556536674499512,2201500.0,14.29162883758545
2011-06-07,15.697879791259766,15.362191200256348,15.609540939331055,15.371025085449219,2903400.0,14.121199607849121
2011-06-08,15.371025085449219,15.19434642791748,15.229681968688965,15.247349739074707,3184400.0,14.007580757141113
2011-06-09,15.477031707763672,15.167844772338867,15.282685279846191,15.388692855834961,1236200.0,14.137432098388672
2011-06-10,15.318020820617676,14.955830574035645,15.26501750946045,15.070671081542969,1830500.0,13.845267295837402
2011-06-13,15.132509231567383,14.832155227661133,15.044169425964355,14.982332229614258,2087800.0,13.76411247253418
2011-06-14,15.212014198303223,15.061837196350098,15.176678657531738,15.106006622314453,2426100.0,13.877730369567871
2011-06-15,14.946996688842773,14.655476570129395,14.902827262878418,14.840989112854004,4322000.0,13.634263038635254
2011-06-16,14.964664459228516,14.637808799743652,14.911661148071289,14.761484146118164,1888700.0,13.5612211227417
2011-06-17,15.044169425964355,14.779151916503906,14.955830574035645,14.80565357208252,1315000.0,13.601799011230469
2011-06-20,14.964664459228516,14.73498249053955,14.81448745727539,14.92049503326416,2405000.0,13.707304000854492
2011-06-21,15.335688591003418,14.893993377685547,14.973498344421387,15.26501750946045,1995000.0,14.023813247680664
2011-06-22,15.512367248535156,15.141343116760254,15.18551254272461,15.300353050231934,2650900.0,14.0562744140625
2011-06-23,15.18551254272461,14.840989112854004,15.035335540771484,15.167844772338867,3258400.0,13.934539794921875
2011-06-24,15.344523429870605,15.053003311157227,15.159010887145996,15.256183624267578,2662900.0,14.01569652557373
2011-06-27,15.503533363342285,15.11484146118164,15.18551254272461,15.406360626220703,3356000.0,14.153661727905273
2011-06-28,15.591873168945312,15.318020820617676,15.415194511413574,15.556536674499512,1786500.0,14.29162883758545
2011-06-29,15.901060104370117,15.485865592956543,15.600707054138184,15.759716987609863,3478900.0,14.478289604187012
2011-06-30,16.086572647094727,15.671378135681152,15.856890678405762,15.971731185913086,2034800.0,14.673062324523926
2011-07-01,16.28091812133789,15.901060104370117,16.042402267456055,16.28091812133789,2035700.0,14.957110404968262
2011-07-05,16.4664306640625,16.07773780822754,16.157243728637695,16.37809181213379,5168800.0,15.04638385772705
2011-07-06,16.113073348999023,15.609540939331055,16.060070037841797,15.84805679321289,4981100.0,14.55944538116455
2011-07-07,16.14841079711914,15.786218643188477,15.892226219177246,15.83922290802002,5186000.0,14.5513277053833
2011-07-08,15.627208709716797,15.123675346374512,15.600707054138184,15.309186935424805,5218600.0,14.0643892288208
2011-07-11,14.893993377685547,14.16077709197998,14.840989112854004,14.222615242004395,16091000.0,13.066168785095215
2011-07-12,14.708480834960938,14.107773780822754,14.611307144165039,14.204947471618652,19120700.0,13.049936294555664
2011-07-13,14.973498344421387,14.019434928894043,14.169610977172852,14.45229721069336,21720500.0,13.277174949645996
2011-07-14,14.708480834960938,13.9664306640625,14.45229721069336,14.125441551208496,20176800.0,12.976896286010742
2011-07-15,14.319787979125977,13.648409843444824,14.045936584472656,14.213781356811523,10021500.0,13.058053970336914
2011-07-18,13.825088500976562,13.454063415527344,13.604240417480469,13.604240417480469,13350900.0,12.498074531555176
2011-07-19,14.575971603393555,13.833922386169434,13.851590156555176,14.355123519897461,14143000.0,13.18790340423584
2011-07-20,14.893993377685547,14.416960716247559,14.628974914550781,14.505300521850586,7352200.0,13.325867652893066
2011-07-21,15.19434642791748,14.761484146118164,14.761484146118164,14.991166114807129,12551100.0,13.772226333618164
2011-07-22,14.955830574035645,14.558303833007812,14.602473258972168,14.88515853881836,6688300.0,13.674840927124023
2011-07-25,14.823321342468262,14.522968292236328,14.54063606262207,14.73498249053955,8204900.0,13.536874771118164
2011-07-26,14.752650260925293,14.46113109588623,14.655476570129395,14.690813064575195,11413300.0,13.496295928955078
2011-07-27,14.770318031311035,14.469964981079102,14.62014102935791,14.628974914550781,7691300.0,13.439486503601074
2011-07-28,14.946996688842773,14.496466636657715,14.62014102935791,14.655476570129395,8520400.0,13.463834762573242
2011-07-29,14.655476570129395,14.355123519897461,14.469964981079102,14.575971603393555,5346800.0,13.390793800354004
2011-08-01,14.73498249053955,14.275618553161621,14.664311408996582,14.655476570129395,9198000.0,13.463834762573242
2011-08-02,14.611307144165039,13.984099388122559,14.478798866271973,14.010601043701172,7661200.0,12.871394157409668
2011-08-03,14.26678466796875,13.80742073059082,14.037102699279785,14.240283012390137,11731200.0,13.082399368286133
2011-08-04,13.913427352905273,13.277384757995605,13.745582580566406,13.286218643188477,13167700.0,12.205910682678223
2011-08-05,13.577738761901855,12.915194511413574,13.277384757995605,13.401060104370117,16401400.0,12.311415672302246
2011-08-08,13.021201133728027,12.376324653625488,12.791519165039062,12.376324653625488,21254400.0,11.36999797821045
2011-08-09,13.171378135681152,12.217314720153809,12.553003311157227,13.171378135681152,11649800.0,12.100408554077148
2011-08-10,13.189045906066895,12.358656883239746,12.720848083496094,12.553003311157227,11922500.0,11.532312393188477
2011-08-11,14.955830574035645,13.560070991516113,13.568904876708984,14.655476570129395,22690300.0,13.463834762573242
2011-08-12,15.097172737121582,14.416960716247559,14.478798866271973,14.72614860534668,13452100.0,13.528757095336914
2011-08-15,15.220848083496094,14.717314720153809,14.761484146118164,15.18551254272461,5721500.0,13.950773239135742
2011-08-16,15.662544250488281,14.946996688842773,15.070671081542969,15.291519165039062,10728400.0,14.0481595993042
2011-08-17,15.432862281799316,15.159010887145996,15.326854705810547,15.212014198303223,7915600.0,13.975117683410645
2011-08-18,14.655476570129395,14.26678466796875,14.549469947814941,14.408126831054688,13519700.0,13.23659610748291
2011-08-19,14.443463325500488,13.904593467712402,14.098939895629883,13.957596778869629,9151400.0,12.822697639465332
2011-08-22,14.231449127197266,13.79858684539795,14.231449127197266,13.851590156555176,4821400.0,12.725311279296875
2011-08-23,14.628974914550781,13.939929008483887,14.063604354858398,14.593639373779297,6869800.0,13.407022476196289
2011-08-24,15.070671081542969,14.469964981079102,14.54063606262207,15.026501655578613,7113200.0,13.804689407348633
2011-08-25,15.300353050231934,14.681979179382324,15.11484146118164,14.761484146118164,9654300.0,13.5612211227417
2011-08-26,15.150177001953125,14.372791290283203,14.602473258972168,15.026501655578613,4802200.0,13.804689407348633
2011-08-29,15.441696166992188,15.11484146118164,15.282685279846191,15.406360626220703,6197000.0,14.153661727905273
2011-08-30,15.432862281799316,15.035335540771484,15.150177001953125,15.282685279846191,8234300.0,14.040043830871582
2011-08-31,15.591873168945312,15.229681968688965,15.247349739074707,15.353357315063477,9583100.0,14.10496997833252
2011-09-01,15.477031707763672,15.053003311157227,15.477031707763672,15.088338851928711,5290400.0,13.861498832702637
2011-09-02,14.92049503326416,14.505300521850586,14.832155227661133,14.628974914550781,3802100.0,13.439486503601074
2011-09-06,14.761484146118164,14.07243824005127,14.187278747558594,14.575971603393555,6218700.0,13.390793800354004
2011-09-07,14.92049503326416,14.708480834960938,14.867490768432617,14.893993377685547,4422600.0,13.682955741882324
2011-09-08,14.876324653625488,14.522968292236328,14.664311408996582,14.593639373779297,9773800.0,13.407022476196289
2011-09-09,14.646642684936523,14.116607666015625,14.469964981079102,14.363957405090332,5178100.0,13.19601821899414
2011-09-12,14.42579460144043,14.045936584472656,14.07243824005127,14.399292945861816,6730400.0,13.316554069519043
2011-09-13,14.717314720153809,14.372791290283203,14.390459060668945,14.408126831054688,6096700.0,13.324723243713379
2011-09-14,14.593639373779297,14.107773780822754,14.284452438354492,14.42579460144043,7365800.0,13.341060638427734
2011-09-15,14.655476570129395,14.45229721069336,14.628974914550781,14.611307144165039,4944200.0,13.512624740600586
2011-09-16,15.141343116760254,14.522968292236328,14.673145294189453,15.053003311157227,8318000.0,13.921106338500977
2011-09-19,15.07950496673584,14.637808799743652,14.743816375732422,14.955830574035645,9896700.0,13.831243515014648
2011-09-20,15.371025085449219,14.858656883239746,14.955830574035645,14.929328918457031,11546800.0,13.806734085083008
2011-09-21,14.929328918457031,14.319787979125977,14.876324653625488,14.328621864318848,10414100.0,13.25119686126709
2011-09-22,14.231449127197266,13.674911499023438,13.948762893676758,13.913427352905273,11961900.0,12.86722183227539
2011-09-23,14.381625175476074,13.674911499023438,13.79858684539795,14.249116897583008,8490300.0,13.177671432495117
2011-09-26,14.478798866271973,14.0017671585083,14.310954093933105,14.434629440307617,8041600.0,13.34923267364502
2011-09-27,14.92049503326416,14.469964981079102,14.699646949768066,14.558303833007812,7930500.0,13.463606834411621
2011-09-28,14.743816375732422,14.090106010437012,14.593639373779297,14.125441551208496,9765700.0,13.063294410705566
2011-09-29,14.54063606262207,13.904593467712402,14.390459060668945,14.178444862365723,9166300.0,13.112312316894531
2011-09-30,14.07243824005127,13.745582580566406,13.860424041748047,13.780919075012207,6583500.0,12.744677543640137
2011-10-03,13.948762893676758,13.401060104370117,13.674911499023438,13.436395645141602,9602800.0,12.426061630249023
2011-10-04,13.825088500976562,13.136042594909668,13.162544250488281,13.816254615783691,8513300.0,12.77735710144043
2011-10-05,14.187278747558594,13.69257926940918,13.878091812133789,14.134275436401367,6491600.0,13.071463584899902
2011-10-06,14.240283012390137,13.9664306640625,14.143109321594238,14.15194320678711,9918300.0,13.087803840637207
2011-10-07,14.584805488586426,14.178444862365723,14.178444862365723,14.399292945861816,20141700.0,13.316554069519043
2011-10-10,15.026501655578613,14.602473258972168,14.664311408996582,14.991166114807129,4362500.0,13.863923072814941
2011-10-11,15.141343116760254,14.770318031311035,14.88515853881836,14.92049503326416,6357400.0,13.798565864562988
2011-10-12,15.362191200256348,15.008833885192871,15.008833885192871,15.159010887145996,6797900.0,14.019145965576172
2011-10-13,15.256183624267578,14.92049503326416,15.061837196350098,15.132509231567383,5819200.0,13.994636535644531
2011-10-14,15.485865592956543,15.19434642791748,15.309186935424805,15.27385139465332,4901300.0,14.125351905822754
2011-10-17,15.238515853881836,14.911661148071289,15.212014198303223,14.955830574035645,4004200.0,13.831243515014648
2011-10-18,15.335688591003418,14.902827262878418,15.035335540771484,15.18551254272461,8983400.0,14.04365348815918
2011-10-19,15.326854705810547,14.823321342468262,15.18551254272461,14.929328918457031,5487200.0,13.806734085083008
2011-10-20,15.159010887145996,14.73498249053955,15.0,15.061837196350098,3939200.0,13.929279327392578
2011-10-21,15.371025085449219,15.0,15.150177001953125,15.362191200256348,3565500.0,14.207047462463379
2011-10-24,15.627208709716797,15.37985897064209,15.37985897064209,15.609540939331055,2514700.0,14.435799598693848
2011-10-25,15.530035018920898,15.106006622314453,15.415194511413574,15.150177001953125,3662300.0,14.010976791381836
2011-10-26,15.388692855834961,15.008833885192871,15.309186935424805,15.167844772338867,3818600.0,14.027314186096191
2011-10-27,16.12190818786621,15.432862281799316,15.432862281799316,15.980565071105957,4157000.0,14.778923034667969
2011-10-28,16.060070037841797,15.777384757995605,15.971731185913086,15.962897300720215,4240300.0,14.76258373260498
2011-10-31,15.91872787475586,15.742049217224121,15.84805679321289,15.768550872802734,5060800.0,14.582850456237793
2011-11-01,15.326854705810547,14.991166114807129,15.238515853881836,15.070671081542969,6747800.0,13.937447547912598
2011-11-02,15.371025085449219,15.061837196350098,15.220848083496094,15.335688591003418,10324000.0,14.182537078857422
2011-11-03,15.892226219177246,15.256183624267578,15.706713676452637,15.4681978225708,7449800.0,14.305081367492676
2011-11-04,15.450530052185059,15.141343116760254,15.37985897064209,15.397526741027832,4531500.0,14.239726066589355
2011-11-07,15.521201133728027,15.26501750946045,15.424028396606445,15.485865592956543,3283300.0,14.32142162322998
2011-11-08,15.786218643188477,15.229681968688965,15.53886890411377,15.73321533203125,6197500.0,14.550172805786133
2011-11-09,15.441696166992188,14.893993377685547,15.415194511413574,14.973498344421387,3575600.0,13.847582817077637
2011-11-10,15.282685279846191,14.911661148071289,15.167844772338867,15.238515853881836,3149400.0,14.092672348022461
2011-11-11,15.715547561645508,15.406360626220703,15.485865592956543,15.54770278930664,2975400.0,14.378609657287598
2011-11-14,15.477031707763672,15.26501750946045,15.45936393737793,15.371025085449219,2650600.0,14.215218544006348
2011-11-15,15.750883102416992,15.318020820617676,15.318020820617676,15.644876480102539,3826300.0,14.468476295471191
2011-11-16,15.512367248535156,15.159010887145996,15.415194511413574,15.159010887145996,4706200.0,14.019145965576172
2011-11-17,15.37985897064209,14.902827262878418,15.167844772338867,15.008833885192871,4480100.0,13.88026237487793
2011-11-18,15.132509231567383,14.823321342468262,15.132509231567383,14.858656883239746,2647800.0,13.741374969482422
2011-11-21,14.73498249053955,14.505300521850586,14.655476570129395,14.664311408996582,3611800.0,13.561644554138184
2011-11-22,14.840989112854004,14.575971603393555,14.575971603393555,14.743816375732422,5294100.0,13.635168075561523
2011-11-23,14.584805488586426,14.328621864318848,14.5318021774292,14.399292945861816,3050700.0,13.316554069519043
2011-11-25,14.558303833007812,14.293286323547363,14.319787979125977,14.372791290283203,981400.0,13.292044639587402
2011-11-28,15.026501655578613,14.699646949768066,14.752650260925293,14.849822998046875,2246100.0,13.733206748962402
2011-11-29,15.11484146118164,14.849822998046875,14.946996688842773,14.938162803649902,2221500.0,13.81490421295166
2011-11-30,15.777384757995605,15.415194511413574,15.450530052185059,15.768550872802734,3936700.0,14.582850456237793
2011-12-01,15.91872787475586,15.65371036529541,15.759716987609863,15.777384757995605,1895400.0,14.591021537780762
2011-12-02,16.09540557861328,15.874558448791504,15.9982328414917,15.901060104370117,2246600.0,14.705395698547363
2011-12-05,16.245582580566406,15.909893989562988,16.183746337890625,16.0335693359375,3035200.0,14.82794189453125
2011-12-06,16.21908187866211,16.00706672668457,16.10424041748047,16.157243728637695,2081500.0,14.942317962646484
2011-12-07,16.113073348999023,15.73321533203125,15.989398956298828,16.015901565551758,3583000.0,14.811601638793945
2011-12-08,15.936395645141602,15.556536674499512,15.865724563598633,15.556536674499512,3927800.0,14.386778831481934
2011-12-09,15.909893989562988,15.600707054138184,15.600707054138184,15.865724563598633,2997700.0,14.672718048095703
2011-12-12,15.786218643188477,15.600707054138184,15.786218643188477,15.777384757995605,1656100.0,14.591021537780762
2011-12-13,16.00706672668457,15.583039283752441,15.865724563598633,15.636042594909668,3338900.0,14.460308074951172
2011-12-14,15.671378135681152,15.388692855834961,15.565370559692383,15.565370559692383,3619400.0,14.394949913024902
2011-12-15,15.750883102416992,15.521201133728027,15.750883102416992,15.530035018920898,4009700.0,14.36227035522461
2011-12-16,15.874558448791504,15.556536674499512,15.689045906066895,15.565370559692383,3855300.0,14.394949913024902
2011-12-19,15.724381446838379,15.26501750946045,15.724381446838379,15.309186935424805,2870900.0,14.15803050994873
2011-12-20,15.777384757995605,15.432862281799316,15.432862281799316,15.750883102416992,3966700.0,14.566511154174805
2011-12-21,15.9982328414917,15.715547561645508,15.830389022827148,15.971731185913086,5137200.0,14.77075481414795
2011-12-22,16.051237106323242,15.821555137634277,15.936395645141602,15.936395645141602,3189500.0,14.73807430267334
2011-12-23,16.10424041748047,15.971731185913086,16.042402267456055,16.07773780822754,2301600.0,14.868788719177246
2011-12-27,16.157243728637695,16.042402267456055,16.068904876708984,16.10424041748047,3143300.0,14.893298149108887
2011-12-28,16.10424041748047,15.73321533203125,16.10424041748047,15.777384757995605,6143500.0,14.591021537780762
2011-12-29,16.12190818786621,15.821555137634277,15.901060104370117,16.086572647094727,5545800.0,14.876958847045898
2011-12-30,16.166078567504883,16.015901565551758,16.166078567504883,16.060070037841797,1862700.0,14.852452278137207
2012-01-03,16.625442504882812,16.360424041748047,16.360424041748047,16.49293327331543,3738300.0,15.252764701843262
2012-01-04,16.528268814086914,16.316253662109375,16.431095123291016,16.386926651000977,2304900.0,15.154727935791016
2012-01-05,16.598939895629883,16.21908187866211,16.298585891723633,16.53710174560547,5421100.0,15.293608665466309
2012-01-06,16.69611358642578,16.40459442138672,16.572437286376953,16.431095123291016,4988200.0,15.195577621459961
2012-01-09,16.519433975219727,16.325088500976562,16.457597732543945,16.431095123291016,3850700.0,15.195577621459961
2012-01-10,16.872791290283203,16.5636043548584,16.5636043548584,16.713781356811523,3623600.0,15.45700454711914
2012-01-11,16.86395835876465,16.598939895629883,16.598939895629883,16.81095314025879,2414100.0,15.546870231628418
2012-01-12,16.978797912597656,16.76678466796875,16.81095314025879,16.908126831054688,2417100.0,15.636734962463379
2012-01-13,16.846290588378906,16.598939895629883,16.83745574951172,16.713781356811523,2571900.0,15.45700454711914
2012-01-17,17.120141983032227,16.9699649810791,16.987632751464844,17.04063606262207,2675000.0,15.759282112121582
2012-01-18,17.376325607299805,17.005300521850586,17.005300521850586,17.287986755371094,2605700.0,15.988038063049316
2012-01-19,17.738515853881836,17.34099006652832,17.34099006652832,17.712013244628906,4918700.0,16.380176544189453
2012-01-20,17.712013244628906,17.252649307250977,17.712013244628906,17.367490768432617,3196600.0,16.061559677124023
2012-01-23,17.52650260925293,17.261484146118164,17.29681968688965,17.464664459228516,2478600.0,16.151426315307617
2012-01-24,17.482332229614258,17.208480834960938,17.482332229614258,17.376325607299805,2313300.0,16.069730758666992
2012-01-25,17.349822998046875,17.146642684936523,17.349822998046875,17.208480834960938,4093700.0,15.914509773254395
2012-01-26,17.358657836914062,17.084806442260742,17.358657836914062,17.22614860534668,3858300.0,15.93084716796875
2012-01-27,17.31448745727539,17.15547752380371,17.234981536865234,17.243816375732422,2732900.0,15.94718074798584
2012-01-30,17.358657836914062,16.9964656829834,17.084806442260742,17.29681968688965,1904900.0,15.996206283569336
2012-01-31,17.508834838867188,17.13780975341797,17.367490768432617,17.19964599609375,2415300.0,15.90633773803711
2012-02-01,17.632509231567383,17.279151916503906,17.31448745727539,17.52650260925293,2964000.0,16.2086181640625
2012-02-02,17.491165161132812,17.15547752380371,17.464664459228516,17.323322296142578,2279000.0,16.02071189880371
2012-02-03,17.65900993347168,17.393993377685547,17.393993377685547,17.632509231567383,2407100.0,16.306652069091797
2012-02-06,17.84452247619629,17.579505920410156,17.579505920410156,17.84452247619629,2563000.0,16.502721786499023
2012-02-07,17.941696166992188,17.738515853881836,17.818021774291992,17.835689544677734,2221000.0,16.49455451965332
2012-02-08,17.941696166992188,17.68551254272461,17.835689544677734,17.853357315063477,2413800.0,16.51089096069336
2012-02-09,17.950529098510742,17.464664459228516,17.782686233520508,17.632509231567383,6420400.0,16.306652069091797
2012-02-10,17.58833885192871,17.446996688842773,17.517667770385742,17.535335540771484,2539800.0,16.216785430908203
2012-02-13,17.80035400390625,17.5971736907959,17.641342163085938,17.765018463134766,3093400.0,16.429195404052734
2012-02-14,17.77385139465332,17.420494079589844,17.667844772338867,17.58833885192871,3525600.0,16.26580238342285
2012-02-15,17.72968292236328,17.376325607299805,17.720848083496094,17.4028263092041,4250700.0,16.09423828125
2012-02-16,17.65900993347168,17.376325607299805,17.42932891845703,17.632509231567383,2716700.0,16.306652069091797
2012-02-17,17.968198776245117,17.57067108154297,17.641342163085938,17.88869285583496,2689000.0,16.5435733795166
2012-02-21,18.0035343170166,17.791519165039062,17.915193557739258,17.853357315063477,1340000.0,16.51089096069336
2012-02-22,17.88869285583496,17.623674392700195,17.853357315063477,17.70318031311035,1869100.0,16.37200927734375
2012-02-23,17.897525787353516,17.676677703857422,17.738515853881836,17.879858016967773,2255100.0,16.535400390625
2012-02-24,17.968198776245117,17.738515853881836,17.924028396606445,17.818021774291992,3211200.0,16.478214263916016
2012-02-27,17.906360626220703,17.52650260925293,17.835689544677734,17.738515853881836,1957100.0,16.404693603515625
2012-02-28,17.994699478149414,17.58833885192871,17.68551254272461,17.906360626220703,3669100.0,16.55990982055664
2012-02-29,18.365724563598633,17.924028396606445,18.056537628173828,17.924028396606445,3214200.0,16.576248168945312
2012-03-01,18.04770278930664,17.835689544677734,17.924028396606445,17.98586654663086,3547000.0,16.633438110351562
2012-03-02,18.038869857788086,17.712013244628906,17.924028396606445,17.80035400390625,2526900.0,16.46187400817871
2012-03-05,17.747350692749023,17.438161849975586,17.720848083496094,17.52650260925293,2549400.0,16.2086181640625
2012-03-06,17.349822998046875,17.04063606262207,17.349822998046875,17.173145294189453,2101800.0,15.881830215454102
2012-03-07,17.5,17.13780975341797,17.19964599609375,17.446996688842773,1699800.0,16.135087966918945
2012-03-08,17.72968292236328,17.491165161132812,17.561838150024414,17.623674392700195,1377000.0,16.298480987548828
2012-03-09,17.950529098510742,17.579505920410156,17.623674392700195,17.782686233520508,2084600.0,16.44553565979004
2012-03-12,17.782686233520508,17.491165161132812,17.676677703857422,17.491165161132812,886100.0,16.25362777709961
2012-03-13,17.950529098510742,17.553003311157227,17.623674392700195,17.924028396606445,2220600.0,16.655866622924805
2012-03-14,17.95936393737793,17.80035400390625,17.932861328125,17.915193557739258,2881200.0,16.64764976501465
2012-03-15,18.25971794128418,18.0035343170166,18.14487648010254,18.04770278930664,8579800.0,16.770788192749023
2012-03-16,18.07420539855957,17.915193557739258,17.924028396606445,17.924028396606445,3417800.0,16.655866622924805
2012-03-19,18.18904685974121,17.826854705810547,17.84452247619629,18.056537628173828,1883500.0,16.77899932861328
2012-03-20,17.879858016967773,17.694345474243164,17.809186935424805,17.77385139465332,2264600.0,16.516311645507812
2012-03-21,17.915193557739258,17.720848083496094,17.756183624267578,17.853357315063477,2597200.0,16.59018898010254
2012-03-22,17.809186935424805,17.606006622314453,17.756183624267578,17.650177001953125,2648900.0,16.401390075683594
2012-03-23,17.747350692749023,17.464664459228516,17.676677703857422,17.70318031311035,1602600.0,16.45063591003418
2012-03-26,18.065370559692383,17.826854705810547,17.853357315063477,18.038869857788086,5441800.0,16.76258087158203
2012-03-27,18.23321533203125,18.065370559692383,18.065370559692383,18.100706100463867,1821600.0,16.82004165649414
2012-03-28,18.021202087402344,17.5971736907959,17.950529098510742,17.623674392700195,5592300.0,16.376758575439453
2012-03-29,17.517667770385742,17.287986755371094,17.482332229614258,17.376325607299805,2964400.0,16.14691162109375
2012-03-30,17.72968292236328,17.34099006652832,17.464664459228516,17.641342163085938,2743000.0,16.393178939819336
2012-04-02,17.906360626220703,17.5,17.57067108154297,17.84452247619629,1524600.0,16.58198356628418
2012-04-03,18.04770278930664,17.694345474243164,17.756183624267578,17.809186935424805,3122200.0,16.549150466918945
2012-04-04,17.747350692749023,17.367490768432617,17.712013244628906,17.420494079589844,1752300.0,16.187955856323242
2012-04-05,17.491165161132812,17.181978225708008,17.29681968688965,17.455829620361328,2053100.0,16.22079086303711
2012-04-09,17.190813064575195,16.943462371826172,17.13780975341797,17.058303833007812,2151100.0,15.851386070251465
2012-04-10,17.084806442260742,16.713781356811523,16.9699649810791,16.713781356811523,2452100.0,15.531243324279785
2012-04-11,17.075971603393555,16.846290588378906,16.9699649810791,16.890459060668945,1449100.0,15.695415496826172
2012-04-12,17.393993377685547,17.005300521850586,17.093639373779297,17.38515853881836,8693000.0,16.155120849609375
2012-04-13,17.393993377685547,17.181978225708008,17.349822998046875,17.243816375732422,1455200.0,16.023775100708008
2012-04-16,17.27031707763672,17.075971603393555,17.243816375732422,17.164310455322266,1558100.0,15.949904441833496
2012-04-17,17.57067108154297,17.27031707763672,17.287986755371094,17.47349739074707,1336000.0,16.23720932006836
2012-04-18,17.438161849975586,17.19964599609375,17.349822998046875,17.34099006652832,1847900.0,16.114076614379883
2012-04-19,17.31448745727539,16.9964656829834,17.252649307250977,17.005300521850586,2846400.0,15.802139282226562
2012-04-20,17.29681968688965,17.067138671875,17.13780975341797,17.093639373779297,3175800.0,15.884227752685547
2012-04-23,17.031801223754883,16.757949829101562,16.95229721069336,17.031801223754883,2283500.0,15.826763153076172
2012-04-24,17.358657836914062,17.067138671875,17.067138671875,17.27031707763672,1385000.0,16.048402786254883
2012-04-25,17.5,17.217313766479492,17.34099006652832,17.332155227661133,1630100.0,16.10586929321289
2012-04-26,17.65900993347168,17.19964599609375,17.332155227661133,17.579505920410156,1801400.0,16.335716247558594
2012-04-27,17.641342163085938,17.47349739074707,17.61484146118164,17.553003311157227,1417100.0,16.311084747314453
2012-04-30,17.57067108154297,17.4028263092041,17.47349739074707,17.52650260925293,1694900.0,16.286466598510742
2012-05-01,17.906360626220703,17.491165161132812,17.606006622314453,17.738515853881836,1832200.0,16.48348045349121
2012-05-02,17.87102508544922,17.535335540771484,17.694345474243164,17.826854705810547,1609200.0,16.565567016601562
2012-05-03,17.853357315063477,17.579505920410156,17.676677703857422,17.65900993347168,2401100.0,16.40959930419922
2012-05-04,17.61484146118164,17.181978225708008,17.61484146118164,17.217313766479492,1832700.0,15.999150276184082
2012-05-07,17.47349739074707,17.031801223754883,17.11130714416504,17.38515853881836,2567700.0,16.155120849609375
2012-05-08,17.349822998046875,17.067138671875,17.146642684936523,17.332155227661133,4106600.0,16.10586929321289
2012-05-09,17.42932891845703,16.908126831054688,17.049470901489258,17.31448745727539,4146100.0,16.089454650878906
2012-05-10,18.4363956451416,17.84452247619629,17.88869285583496,18.197879791259766,5320300.0,16.910337448120117
2012-05-11,18.498233795166016,18.038869857788086,18.065370559692383,18.11837387084961,3498300.0,16.836456298828125
2012-05-14,18.33038902282715,17.853357315063477,18.04770278930664,18.021202087402344,2415000.0,16.746158599853516
2012-05-15,18.13604164123535,17.765018463134766,17.950529098510742,17.818021774291992,2860600.0,16.557357788085938
2012-05-16,17.98586654663086,17.65900993347168,17.809186935424805,17.65900993347168,2631300.0,16.40959930419922
2012-05-17,17.694345474243164,17.38515853881836,17.58833885192871,17.393993377685547,3675200.0,16.163333892822266
2012-05-18,17.438161849975586,17.146642684936523,17.376325607299805,17.19964599609375,3661600.0,15.982732772827148
2012-05-21,17.42932891845703,17.022968292236328,17.22614860534668,17.393993377685547,2533300.0,16.163333892822266
2012-05-22,17.623674392700195,17.27031707763672,17.5,17.42932891845703,3087500.0,16.1961669921875
2012-05-23,17.420494079589844,16.916961669921875,17.13780975341797,17.15547752380371,4827500.0,15.94168758392334
2012-05-24,17.42932891845703,17.093639373779297,17.181978225708008,17.29681968688965,3379500.0,16.07303237915039
2012-05-25,17.47349739074707,17.252649307250977,17.332155227661133,17.34099006652832,2479500.0,16.114076614379883
2012-05-29,17.676677703857422,17.38515853881836,17.52650260925293,17.579505920410156,3292900.0,16.335716247558594
2012-05-30,17.561838150024414,17.22614860534668,17.42932891845703,17.305654525756836,4532900.0,16.081239700317383
2012-05-31,17.332155227661133,17.049470901489258,17.323322296142578,17.13780975341797,5129600.0,15.925271987915039
2012-06-01,16.9699649810791,16.545936584472656,16.81095314025879,16.545936584472656,4243700.0,15.375273704528809
2012-06-04,16.67844581604004,16.360424041748047,16.42226219177246,16.616607666015625,5966300.0,15.440942764282227
2012-06-05,16.731449127197266,16.457597732543945,16.457597732543945,16.634275436401367,3714500.0,15.457365989685059
2012-06-06,17.305654525756836,16.660778045654297,16.713781356811523,17.287986755371094,10388800.0,16.064823150634766
2012-06-07,17.5971736907959,17.173145294189453,17.482332229614258,17.19964599609375,4567200.0,15.982732772827148
2012-06-08,17.438161849975586,17.022968292236328,17.234981536865234,17.38515853881836,3662300.0,16.155120849609375
2012-06-11,17.61484146118164,17.084806442260742,17.5971736907959,17.11130714416504,2379000.0,15.900642395019531
2012-06-12,17.579505920410156,17.13780975341797,17.234981536865234,17.544170379638672,3581700.0,16.302881240844727
2012-06-13,17.68551254272461,17.332155227661133,17.561838150024414,17.438161849975586,2579200.0,16.204374313354492
2012-06-14,17.826854705810547,17.41166114807129,17.42932891845703,17.70318031311035,4508000.0,16.45063591003418
2012-06-15,17.941696166992188,17.72968292236328,17.818021774291992,17.897525787353516,2174400.0,16.631237030029297
2012-06-18,18.065370559692383,17.756183624267578,17.86219024658203,17.950529098510742,1855600.0,16.680490493774414
2012-06-19,18.224382400512695,17.95936393737793,18.038869857788086,18.11837387084961,1882800.0,16.836456298828125
2012-06-20,18.401060104370117,18.100706100463867,18.153709411621094,18.30388641357422,4053200.0,17.00885009765625
2012-06-21,18.41872787475586,18.021202087402344,18.25971794128418,18.038869857788086,4462900.0,16.76258087158203
2012-06-22,18.25971794128418,17.968198776245117,18.127208709716797,18.171377182006836,1831100.0,16.88571548461914
2012-06-25,18.021202087402344,17.835689544677734,17.88869285583496,17.915193557739258,3331500.0,16.64764976501465
2012-06-26,19.522968292236328,18.842756271362305,18.99293327331543,19.399293899536133,12389000.0,18.026752471923828
2012-06-27,20.18551254272461,19.17844581604004,19.222614288330078,19.79681968688965,14455100.0,18.396154403686523
2012-06-28,19.779151916503906,19.408126831054688,19.681978225708008,19.673145294189453,6901100.0,18.281225204467773
2012-06-29,19.92932891845703,19.54063606262207,19.876325607299805,19.893993377685547,4338600.0,18.486448287963867
2012-07-02,20.309186935424805,19.823322296142578,19.849822998046875,20.27385139465332,5447700.0,18.839433670043945
2012-07-03,20.397525787353516,20.141342163085938,20.194345474243164,20.22968292236328,3069000.0,18.79838752746582
2012-07-05,20.132509231567383,19.823322296142578,19.88515853881836,19.946996688842773,9111000.0,18.535703659057617
2012-07-06,19.982332229614258,19.646642684936523,19.867490768432617,19.761484146118164,6014400.0,18.363319396972656
2012-07-09,19.717313766479492,19.42579460144043,19.690813064575195,19.558303833007812,3936900.0,18.174509048461914
2012-07-10,19.752649307250977,19.35512351989746,19.61130714416504,19.434629440307617,3421300.0,18.059585571289062
2012-07-11,19.54063606262207,19.213781356811523,19.505300521850586,19.328622817993164,2934000.0,17.961082458496094
2012-07-12,19.36395835876465,18.99293327331543,19.231449127197266,19.19611358642578,2917000.0,17.83794403076172
2012-07-13,19.62897491455078,19.16961097717285,19.275617599487305,19.531801223754883,2388200.0,18.149883270263672
2012-07-16,19.54063606262207,19.284452438354492,19.4964656829834,19.45229721069336,2076800.0,18.07600212097168
2012-07-17,19.876325607299805,19.35512351989746,19.620141983032227,19.849822998046875,4088700.0,18.445402145385742
2012-07-18,20.044170379638672,19.752649307250977,19.849822998046875,19.982332229614258,3432600.0,18.568540573120117
2012-07-19,20.353357315063477,19.92932891845703,20.141342163085938,19.982332229614258,4479700.0,18.568540573120117
2012-07-20,19.964664459228516,19.61130714416504,19.938161849975586,19.63780975341797,3215800.0,18.248390197753906
2012-07-23,19.478797912597656,19.072437286376953,19.275617599487305,19.434629440307617,3746400.0,18.059585571289062
2012-07-24,19.575971603393555,19.231449127197266,19.434629440307617,19.38162612915039,3613200.0,18.01033592224121
2012-07-25,19.84099006652832,19.372791290283203,19.408126831054688,19.673145294189453,4267700.0,18.281225204467773
2012-07-26,20.238515853881836,19.938161849975586,20.0,20.15900993347168,2742100.0,18.732715606689453
2012-07-27,21.024734497070312,20.27385139465332,20.36219024658203,20.812721252441406,6690900.0,19.34017562866211
2012-07-30,20.84805679321289,20.61837387084961,20.73321533203125,20.742050170898438,4026400.0,19.274505615234375
2012-07-31,20.680212020874023,20.477031707763672,20.609540939331055,20.48586654663086,3272700.0,19.03644371032715
2012-08-01,20.680212020874023,20.450529098510742,20.583038330078125,20.477031707763672,3070800.0,19.02823829650879
2012-08-02,20.671377182006836,20.18551254272461,20.247350692749023,20.591873168945312,4189900.0,19.13495445251465
2012-08-03,20.927562713623047,20.68904685974121,20.68904685974121,20.856889724731445,4424000.0,19.381216049194336
2012-08-06,21.166078567504883,20.80388641357422,20.883392333984375,20.971731185913086,2759400.0,19.487939834594727
2012-08-07,21.37809181213379,21.060070037841797,21.130741119384766,21.183746337890625,3977800.0,19.68494987487793
2012-08-08,21.28091812133789,20.998233795166016,21.14841079711914,21.10424041748047,5421800.0,19.611068725585938
2012-08-09,21.369258880615234,20.653709411621094,20.66254425048828,21.042402267456055,8259600.0,19.55360984802246
2012-08-10,20.998233795166016,20.697879791259766,20.927562713623047,20.84805679321289,2755000.0,19.373008728027344
2012-08-13,20.874557495117188,20.671377182006836,20.80388641357422,20.706714630126953,1679300.0,19.24167251586914
2012-08-14,20.91872787475586,20.653709411621094,20.84805679321289,20.742050170898438,2249300.0,19.274505615234375
2012-08-15,20.856889724731445,20.653709411621094,20.768550872802734,20.795053482055664,1885000.0,19.32375717163086
2012-08-16,20.94523048400879,20.742050170898438,20.909894943237305,20.901060104370117,3081300.0,19.422266006469727
2012-08-17,20.980566024780273,20.63604164123535,20.901060104370117,20.715547561645508,2633800.0,19.249876022338867
2012-08-20,20.742050170898438,20.441696166992188,20.724382400512695,20.556537628173828,3619500.0,19.10211944580078
2012-08-21,21.0335693359375,20.66254425048828,20.697879791259766,20.795053482055664,2898100.0,19.32375717163086
2012-08-22,20.91872787475586,20.66254425048828,20.671377182006836,20.91872787475586,2406500.0,19.438682556152344
2012-08-23,20.901060104370117,20.61837387084961,20.901060104370117,20.73321533203125,2704200.0,19.266292572021484
2012-08-24,20.80388641357422,20.450529098510742,20.57420539855957,20.742050170898438,2665500.0,19.274505615234375
2012-08-27,20.954063415527344,20.715547561645508,20.856889724731445,20.865724563598633,1849200.0,19.389427185058594
2012-08-28,20.901060104370117,20.680212020874023,20.84805679321289,20.768550872802734,2702300.0,19.299131393432617
2012-08-29,20.927562713623047,20.73321533203125,20.75971794128418,20.856889724731445,1443100.0,19.381216049194336
2012-08-30,20.82155418395996,20.583038330078125,20.795053482055664,20.64487648010254,2188800.0,19.184206008911133
2012-08-31,20.989398956298828,20.777385711669922,20.795053482055664,20.80388641357422,2624300.0,19.331968307495117
2012-09-04,21.051237106323242,20.715547561645508,20.856889724731445,20.91872787475586,2287900.0,19.438682556152344
2012-09-05,21.174911499023438,20.89222526550293,20.989398956298828,21.09540557861328,3011200.0,19.602855682373047
2012-09-06,21.81095314025879,21.245582580566406,21.245582580566406,21.784452438354492,3467400.0,20.2431583404541
2012-09-07,21.916961669921875,21.687278747558594,21.819787979125977,21.784452438354492,1246100.0,20.2431583404541
2012-09-10,21.784452438354492,21.484098434448242,21.572437286376953,21.510601043701172,1721800.0,20.06697654724121
2012-09-11,21.775617599487305,21.40459442138672,21.572437286376953,21.731449127197266,2499600.0,20.272998809814453
2012-09-12,21.943462371826172,21.5636043548584,21.890459060668945,21.625442504882812,4423400.0,20.174110412597656
2012-09-13,21.92579460144043,21.58127212524414,21.60777473449707,21.846290588378906,4053300.0,20.380138397216797
2012-09-14,22.146642684936523,21.784452438354492,21.916961669921875,22.005300521850586,5825100.0,20.528474807739258
2012-09-17,22.049470901489258,21.74028205871582,22.031801223754883,21.92579460144043,2124100.0,20.454301834106445
2012-09-18,21.943462371826172,21.749116897583008,21.899293899536133,21.85512351989746,2459400.0,20.388378143310547
2012-09-19,22.243816375732422,21.86395835876465,21.92579460144043,22.164310455322266,2153100.0,20.67681312561035
2012-09-20,22.305654525756836,22.005300521850586,22.005300521850586,22.279151916503906,1622900.0,20.78394889831543
2012-09-21,22.42932891845703,22.146642684936523,22.42932891845703,22.15547752380371,1727900.0,20.668577194213867
2012-09-24,22.173145294189453,21.9964656829834,22.022968292236328,22.11130714416504,1429900.0,20.627370834350586
2012-09-25,22.305654525756836,21.802120208740234,22.173145294189453,21.81095314025879,2170400.0,20.3471736907959
2012-09-26,21.86395835876465,21.545936584472656,21.828622817993164,21.69611358642578,2512300.0,20.240041732788086
2012-09-27,22.22614860534668,21.757949829101562,21.872791290283203,22.04063606262207,1414400.0,20.561439514160156
2012-09-28,22.102474212646484,21.85512351989746,21.961130142211914,21.899293899536133,1590200.0,20.429584503173828
2012-10-01,22.376325607299805,21.828622817993164,22.04063606262207,21.943462371826172,1368000.0,20.470788955688477
2012-10-02,22.146642684936523,21.934629440307617,21.987632751464844,22.005300521850586,3053300.0,20.528474807739258
2012-10-03,22.393993377685547,21.9964656829834,22.12897491455078,22.173145294189453,2522300.0,20.685060501098633
2012-10-04,22.393993377685547,22.164310455322266,22.393993377685547,22.393993377685547,3951000.0,20.891082763671875
2012-10-05,22.756183624267578,22.446996688842773,22.52650260925293,22.508834838867188,3668300.0,20.99821662902832
2012-10-08,22.61484146118164,22.393993377685547,22.579505920410156,22.52650260925293,3266200.0,21.01469612121582
2012-10-09,22.561838150024414,22.031801223754883,22.508834838867188,22.084806442260742,3975300.0,20.602645874023438
2012-10-10,22.27031707763672,21.76678466796875,22.084806442260742,21.83745574951172,3688900.0,20.371896743774414
2012-10-11,22.067138671875,21.616607666015625,22.04063606262207,21.713781356811523,5723300.0,20.256521224975586
2012-10-12,21.83745574951172,21.58127212524414,21.83745574951172,21.713781356811523,6052300.0,20.256521224975586
2012-10-15,21.95229721069336,21.572437286376953,21.731449127197266,21.908126831054688,3576200.0,20.437820434570312
2012-10-16,22.41166114807129,22.04063606262207,22.058303833007812,22.234981536865234,2400200.0,20.74274444580078
2012-10-17,22.70318031311035,22.287986755371094,22.349822998046875,22.650177001953125,4134100.0,21.13007164001465
2012-10-18,22.932861328125,22.61484146118164,22.694345474243164,22.826854705810547,5106500.0,21.294889450073242
2012-10-19,22.88869285583496,22.208480834960938,22.87102508544922,22.4028263092041,2500500.0,20.899324417114258
2012-10-22,22.455829620361328,22.12897491455078,22.358657836914062,22.252649307250977,2162000.0,20.75922393798828
2012-10-23,22.01413345336914,21.501766204833984,22.005300521850586,21.713781356811523,3692300.0,20.256521224975586
2012-10-24,22.12897491455078,21.713781356811523,21.784452438354492,21.9699649810791,2546800.0,20.49551010131836
2012-10-25,22.22614860534668,21.590105056762695,22.102474212646484,21.713781356811523,3582600.0,20.256521224975586
2012-10-26,21.775617599487305,21.166078567504883,21.65194320678711,21.386926651000977,3271700.0,19.951601028442383
2012-10-31,21.713781356811523,21.448762893676758,21.634275436401367,21.519433975219727,2499700.0,20.07521629333496
2012-11-01,21.943462371826172,21.484098434448242,21.484098434448242,21.802120208740234,1730300.0,20.33893394470215
2012-11-02,22.01413345336914,21.42226219177246,21.908126831054688,21.431095123291016,2283200.0,19.9928035736084
2012-11-05,21.545936584472656,21.28091812133789,21.4664306640625,21.519433975219727,2339100.0,20.07521629333496
2012-11-06,21.81095314025879,21.484098434448242,21.572437286376953,21.722614288330078,2524100.0,20.264759063720703
2012-11-07,22.42932891845703,21.643110275268555,21.95229721069336,22.067138671875,4448300.0,20.586158752441406
2012-11-08,22.29681968688965,21.85512351989746,21.978797912597656,21.86395835876465,2963900.0,20.39661979675293
2012-11-09,22.058303833007812,21.757949829101562,21.757949829101562,21.85512351989746,1799200.0,20.388378143310547
2012-11-12,21.987632751464844,21.713781356811523,21.987632751464844,21.793285369873047,1328700.0,20.330690383911133
2012-11-13,22.04063606262207,21.572437286376953,21.616607666015625,21.67844581604004,1522900.0,20.223556518554688
2012-11-14,21.722614288330078,21.10424041748047,21.704946517944336,21.174911499023438,4461600.0,19.753814697265625
2012-11-15,21.254417419433594,20.724382400512695,21.09540557861328,20.82155418395996,3997900.0,19.424171447753906
2012-11-16,21.130741119384766,20.680212020874023,20.89222526550293,20.971731185913086,3664700.0,19.564273834228516
2012-11-19,21.598939895629883,21.14841079711914,21.325088500976562,21.598939895629883,2189500.0,20.14938735961914
2012-11-20,21.775617599487305,21.413427352905273,21.634275436401367,21.60777473449707,1573700.0,20.157630920410156
2012-11-21,21.65194320678711,21.448762893676758,21.634275436401367,21.4664306640625,1657100.0,20.02577018737793
2012-11-23,22.049470901489258,21.731449127197266,21.76678466796875,21.934629440307617,1789000.0,20.462549209594727
2012-11-26,21.908126831054688,21.643110275268555,21.86395835876465,21.828622817993164,3829400.0,20.3636531829834
2012-11-27,21.961130142211914,21.65194320678711,21.846290588378906,21.65194320678711,4255000.0,20.198835372924805
2012-11-28,22.093639373779297,21.590105056762695,21.60777473449707,22.04063606262207,3197100.0,20.561439514160156
2012-11-29,22.464664459228516,22.120141983032227,22.181978225708008,22.332155227661133,3586000.0,20.833393096923828
2012-11-30,22.455829620361328,22.261484146118164,22.367490768432617,22.279151916503906,2826100.0,20.78394889831543
2012-12-03,22.58833885192871,22.173145294189453,22.393993377685547,22.208480834960938,3392400.0,20.718021392822266
2012-12-04,22.27031707763672,21.934629440307617,22.120141983032227,22.190813064575195,5280300.0,20.7015380859375
2012-12-05,22.287986755371094,21.934629440307617,22.243816375732422,22.031801223754883,11049700.0,20.55319595336914
2012-12-06,22.367490768432617,22.01413345336914,22.01413345336914,22.31448745727539,4156900.0,20.816909790039062
2012-12-07,22.57067108154297,22.31448745727539,22.482332229614258,22.553003311157227,3176800.0,21.039419174194336
2012-12-10,22.623674392700195,22.464664459228516,22.491165161132812,22.5971736907959,3623700.0,21.080625534057617
2012-12-11,22.77385139465332,22.5971736907959,22.65900993347168,22.641342163085938,2375700.0,21.121829986572266
2012-12-12,22.84452247619629,22.491165161132812,22.84452247619629,22.553003311157227,5229100.0,21.039419174194336
2012-12-13,22.623674392700195,22.173145294189453,22.5,22.376325607299805,4053500.0,20.874601364135742
2012-12-14,22.376325607299805,22.058303833007812,22.358657836914062,22.234981536865234,3419300.0,20.74274444580078
2012-12-17,22.756183624267578,22.243816375732422,22.287986755371094,22.747350692749023,3866600.0,21.22072410583496
2012-12-18,23.180212020874023,22.667844772338867,22.747350692749023,23.091873168945312,5565400.0,21.542125701904297
2012-12-19,23.13604164123535,22.906360626220703,23.13604164123535,22.906360626220703,2783000.0,21.369064331054688
2012-12-20,23.083038330078125,22.853357315063477,22.853357315063477,23.0300350189209,2710000.0,21.484439849853516
2012-12-21,22.791519165039062,22.42932891845703,22.667844772338867,22.61484146118164,1867900.0,21.097110748291016
2012-12-24,22.835689544677734,22.38515853881836,22.70318031311035,22.712013244628906,856000.0,21.187763214111328
2012-12-26,22.791519165039062,22.38515853881836,22.791519165039062,22.544170379638672,1511400.0,21.03118133544922
2012-12-27,22.676677703857422,22.146642684936523,22.544170379638672,22.517667770385742,3311500.0,21.006460189819336
2012-12-28,22.58833885192871,22.29681968688965,22.41166114807129,22.332155227661133,3299700.0,20.833393096923828
2012-12-31,23.18904685974121,22.164310455322266,22.31448745727539,23.180212020874023,7405800.0,21.62453269958496
2013-01-02,24.16961097717285,23.701414108276367,23.701414108276367,24.019433975219727,5427400.0,22.407432556152344
2013-01-03,24.045936584472656,23.666078567504883,23.87809181213379,23.745582580566406,2705800.0,22.151962280273438
2013-01-04,23.9664306640625,23.69257926940918,23.754417419433594,23.87809181213379,6794900.0,22.27557945251465
2013-01-07,23.842756271362305,23.560070037841797,23.701414108276367,23.69257926940918,1881800.0,22.102516174316406
2013-01-08,23.657243728637695,23.471731185913086,23.542402267456055,23.551237106323242,1970300.0,21.97066307067871
2013-01-09,23.869258880615234,23.560070037841797,23.666078567504883,23.85158920288086,3458900.0,22.250858306884766
2013-01-10,24.319787979125977,24.08127212524414,24.143110275268555,24.293285369873047,4820000.0,22.662906646728516
2013-01-11,24.399293899536133,24.116607666015625,24.372791290283203,24.231449127197266,2533500.0,22.605220794677734
2013-01-14,24.24028205871582,24.072437286376953,24.24028205871582,24.187278747558594,1230300.0,22.56402015686035
2013-01-15,24.319787979125977,23.939929962158203,24.010601043701172,24.293285369873047,3449300.0,22.662906646728516
2013-01-16,24.36395835876465,24.16961097717285,24.16961097717285,24.284452438354492,1833200.0,22.654666900634766
2013-01-17,24.779151916503906,24.302120208740234,24.302120208740234,24.69964599609375,6164000.0,23.041996002197266
2013-01-18,24.69964599609375,24.408126831054688,24.65547752380371,24.584806442260742,1531900.0,22.934865951538086
2013-01-22,24.567138671875,24.328622817993164,24.487632751464844,24.4964656829834,1829500.0,22.852453231811523
2013-01-23,24.752649307250977,24.36395835876465,24.38162612915039,24.72614860534668,4184000.0,23.066722869873047
2013-01-24,24.893993377685547,24.4699649810791,24.734981536865234,24.487632751464844,3648000.0,22.844213485717773
2013-01-25,24.63780975341797,24.42579460144043,24.63780975341797,24.584806442260742,1504000.0,22.934865951538086
2013-01-28,25.15900993347168,24.708480834960938,24.77031707763672,24.832155227661133,4089600.0,23.165613174438477
2013-01-29,25.02650260925293,24.61130714416504,24.69964599609375,24.97349739074707,3017100.0,23.297470092773438
2013-01-30,25.318021774291992,24.832155227661133,24.832155227661133,25.044170379638672,4559900.0,23.3633975982666
2013-01-31,25.18551254272461,24.876325607299805,25.044170379638672,24.946996688842773,2024600.0,23.272747039794922
2013-02-01,25.521202087402344,25.061838150024414,25.061838150024414,25.27385139465332,2716300.0,23.577667236328125
2013-02-04,25.212013244628906,25.0,25.07067108154297,25.106006622314453,4318100.0,23.421083450317383
2013-02-05,25.406360626220703,25.0971736907959,25.150177001953125,25.282686233520508,5532600.0,23.585906982421875
2013-02-06,25.34452247619629,25.053003311157227,25.132509231567383,25.34452247619629,4367800.0,23.64359474182129
2013-02-07,25.106006622314453,24.399293899536133,24.602474212646484,24.646642684936523,5368600.0,22.992551803588867
2013-02-08,25.538869857788086,24.849822998046875,24.920494079589844,25.5300350189209,5286200.0,23.816659927368164
2013-02-11,25.63604164123535,25.309186935424805,25.538869857788086,25.379858016967773,3385100.0,23.676557540893555
2013-02-12,25.5300350189209,25.326854705810547,25.441696166992188,25.38869285583496,2002700.0,23.684799194335938
2013-02-13,25.583038330078125,25.265018463134766,25.468198776245117,25.34452247619629,3956000.0,23.64359474182129
2013-02-14,25.68904685974121,25.247350692749023,25.36219024658203,25.583038330078125,2824700.0,23.86610221862793
2013-02-15,25.96289825439453,25.583038330078125,25.66254425048828,25.91872787475586,4278000.0,24.179262161254883
2013-02-19,26.298585891723633,25.94523048400879,25.998233795166016,26.28091812133789,3830300.0,24.517148971557617
2013-02-20,26.42226219177246,25.75971794128418,26.245582580566406,25.80388641357422,2459600.0,24.07213020324707
2013-02-21,25.706714630126953,25.318021774291992,25.706714630126953,25.397525787353516,3173100.0,23.693038940429688
2013-02-22,25.64487648010254,25.38869285583496,25.54770278930664,25.64487648010254,1596900.0,23.923791885375977
2013-02-25,25.82155418395996,25.11484146118164,25.715547561645508,25.132509231567383,2414200.0,23.44580841064453
2013-02-26,25.415193557739258,25.0971736907959,25.132509231567383,25.34452247619629,2683200.0,23.64359474182129
2013-02-27,25.89222526550293,25.27385139465332,25.397525787353516,25.786218643188477,2172300.0,24.055648803710938
2013-02-28,25.96289825439453,25.706714630126953,25.75971794128418,25.856889724731445,2971100.0,24.1215763092041
2013-03-01,26.19257926940918,25.565370559692383,25.600706100463867,26.14841079711914,2918400.0,24.393531799316406
2013-03-04,26.40459442138672,25.627208709716797,25.68904685974121,26.369258880615234,5520500.0,24.599563598632812
2013-03-05,27.067138671875,26.475265502929688,26.58127212524414,27.005300521850586,2990900.0,25.19291877746582
2013-03-06,27.243816375732422,26.784452438354492,27.102474212646484,26.802120208740234,2222900.0,25.003372192382812
2013-03-07,26.92579460144043,26.634275436401367,26.872791290283203,26.81095314025879,1560500.0,25.011611938476562
2013-03-08,27.517667770385742,26.731449127197266,26.731449127197266,27.393993377685547,2902700.0,25.55552101135254
2013-03-11,27.464664459228516,27.234981536865234,27.332155227661133,27.455829620361328,4549300.0,25.692930221557617
2013-03-12,27.42932891845703,26.987632751464844,27.38515853881836,27.22614860534668,3631700.0,25.477994918823242
2013-03-13,27.279151916503906,26.908126831054688,27.13780975341797,27.19964599609375,6099100.0,25.453197479248047
2013-03-14,27.38515853881836,27.120141983032227,27.217313766479492,27.376325607299805,2963100.0,25.6185302734375
2013-03-15,27.47349739074707,27.005300521850586,27.446996688842773,27.208480834960938,4918600.0,25.46146011352539
2013-03-18,27.217313766479492,26.687278747558594,26.943462371826172,27.01413345336914,2006800.0,25.27959632873535
2013-03-19,27.067138671875,26.21908187866211,26.92579460144043,26.501766204833984,3507800.0,24.800128936767578
2013-03-20,26.943462371826172,26.625442504882812,26.625442504882812,26.83745574951172,2204100.0,25.114261627197266
2013-03-21,26.828622817993164,26.501766204833984,26.687278747558594,26.660778045654297,2157700.0,24.948930740356445
2013-03-22,27.067138671875,26.687278747558594,26.687278747558594,27.005300521850586,2020200.0,25.271331787109375
2013-03-25,27.208480834960938,26.634275436401367,26.987632751464844,26.890459060668945,2800000.0,25.163864135742188
2013-03-26,27.093639373779297,26.85512351989746,26.92579460144043,27.022968292236328,3179100.0,25.28786277770996
2013-03-27,26.9699649810791,26.66961097717285,26.890459060668945,26.92579460144043,1555400.0,25.196929931640625
2013-03-28,27.305654525756836,26.899293899536133,26.95229721069336,27.173145294189453,2900800.0,25.42839813232422
2013-04-01,27.38515853881836,26.88162612915039,27.358657836914062,27.031801223754883,2104600.0,25.29612922668457
2013-04-02,27.70318031311035,27.13780975341797,27.19964599609375,27.650177001953125,2322200.0,25.874797821044922
2013-04-03,27.667844772338867,27.208480834960938,27.52650260925293,27.376325607299805,2113800.0,25.6185302734375
2013-04-04,27.34099006652832,27.04063606262207,27.252649307250977,27.102474212646484,2112500.0,25.36226463317871
2013-04-05,27.31448745727539,26.413427352905273,26.501766204833984,27.27031707763672,5076700.0,25.519329071044922
2013-04-08,27.924028396606445,27.190813064575195,27.234981536865234,27.88869285583496,3407000.0,26.097999572753906
2013-04-09,27.897525787353516,27.535335540771484,27.818021774291992,27.70318031311035,3771500.0,25.92440414428711
2013-04-10,27.897525787353516,27.482332229614258,27.623674392700195,27.738515853881836,3591600.0,25.957468032836914
2013-04-11,28.13604164123535,27.720848083496094,27.809186935424805,28.056537628173828,2268300.0,26.25506591796875
2013-04-12,28.021202087402344,27.676677703857422,27.818021774291992,27.98586654663086,3042300.0,26.188932418823242
2013-04-15,27.712013244628906,26.9699649810791,27.561838150024414,26.978797912597656,4028100.0,25.246524810791016
2013-04-16,27.924028396606445,27.084806442260742,27.190813064575195,27.80035400390625,4009300.0,26.01533317565918
2013-04-17,27.676677703857422,27.27031707763672,27.632509231567383,27.5,2870000.0,25.734262466430664
2013-04-18,27.579505920410156,26.899293899536133,27.482332229614258,26.987632751464844,3510400.0,25.25479507446289
2013-04-19,27.667844772338867,26.83745574951172,26.934629440307617,27.632509231567383,5002300.0,25.85826873779297
2013-04-22,28.100706100463867,27.464664459228516,27.650177001953125,28.012367248535156,3256300.0,26.213729858398438
2013-04-23,28.224382400512695,27.65900993347168,28.0035343170166,27.977031707763672,3893400.0,26.1806640625
2013-04-24,28.056537628173828,27.446996688842773,27.791519165039062,27.5,2596100.0,25.734262466430664
2013-04-25,27.747350692749023,27.517667770385742,27.676677703857422,27.61484146118164,1917800.0,25.84173011779785
2013-04-26,27.72968292236328,27.438161849975586,27.561838150024414,27.561838150024414,2537400.0,25.79213523864746
2013-04-29,27.782686233520508,27.438161849975586,27.58833885192871,27.446996688842773,1432800.0,25.684663772583008
2013-04-30,27.667844772338867,27.358657836914062,27.65900993347168,27.491165161132812,2694600.0,25.725997924804688
2013-05-01,27.80035400390625,27.38515853881836,27.52650260925293,27.623674392700195,2478400.0,25.849998474121094
2013-05-02,28.489398956298828,27.606006622314453,27.747350692749023,28.23321533203125,3976000.0,26.420400619506836
2013-05-03,28.772085189819336,27.818021774291992,28.365724563598633,28.286218643188477,7926000.0,26.470001220703125
2013-05-06,28.4363956451416,28.171377182006836,28.250883102416992,28.339221954345703,7597400.0,26.519601821899414
2013-05-07,28.60424041748047,28.215547561645508,28.401060104370117,28.524734497070312,3619900.0,26.693204879760742
2013-05-08,28.498233795166016,27.879858016967773,28.498233795166016,28.250883102416992,3646100.0,26.436935424804688
2013-05-09,30.141342163085938,29.19611358642578,29.275617599487305,29.54063606262207,6453700.0,27.64387321472168
2013-05-10,29.72614860534668,29.319787979125977,29.372791290283203,29.505300521850586,2906100.0,27.610809326171875
2013-05-13,29.620141983032227,29.19611358642578,29.522968292236328,29.54063606262207,2716900.0,27.64387321472168
2013-05-14,29.893993377685547,29.620141983032227,29.69964599609375,29.72614860534668,4209400.0,27.817476272583008
2013-05-15,29.72614860534668,29.33745574951172,29.72614860534668,29.62897491455078,2423800.0,27.72654151916504
2013-05-16,29.584806442260742,29.098939895629883,29.257949829101562,29.143110275268555,1950400.0,27.271873474121094
2013-05-17,29.522968292236328,29.24028205871582,29.319787979125977,29.461130142211914,2079700.0,27.569473266601562
2013-05-20,29.434629440307617,29.222614288330078,29.222614288330078,29.302120208740234,1387800.0,27.420673370361328
2013-05-21,29.584806442260742,29.10777473449707,29.302120208740234,29.478797912597656,3543400.0,27.58601188659668
2013-05-22,30.08833885192871,29.328622817993164,29.408126831054688,29.434629440307617,5760900.0,27.544675827026367
2013-05-23,29.584806442260742,28.939929962158203,29.319787979125977,29.213781356811523,3353700.0,27.338003158569336
2013-05-24,29.505300521850586,28.842756271362305,28.869258880615234,29.372791290283203,4331300.0,27.486806869506836
2013-05-28,29.65547752380371,29.045936584472656,29.08127212524414,29.478797912597656,4267100.0,27.58601188659668
2013-05-29,29.408126831054688,28.886926651000977,29.408126831054688,29.125442504882812,3043000.0,27.255340576171875
2013-05-30,29.257949829101562,28.772085189819336,29.08127212524414,28.772085189819336,2895200.0,26.92466926574707
2013-05-31,28.948762893676758,28.44523048400879,28.44523048400879,28.480566024780273,4965200.0,26.651866912841797
2013-06-03,28.833921432495117,28.04770278930664,28.60424041748047,28.816253662109375,4825300.0,26.966005325317383
2013-06-04,29.213781356811523,28.57773780822754,28.701414108276367,28.816253662109375,5546100.0,26.966005325317383
2013-06-05,28.515901565551758,27.950529098510742,28.46289825439453,28.0035343170166,5250700.0,26.205469131469727
2013-06-06,28.242050170898438,27.464664459228516,27.77385139465332,28.215547561645508,7418200.0,26.403867721557617
2013-06-07,28.586572647094727,27.86219024658203,28.197879791259766,28.524734497070312,7178600.0,26.693204879760742
2013-06-10,28.71908187866211,28.295053482055664,28.515901565551758,28.339221954345703,5608200.0,26.519601821899414
2013-06-11,28.383392333984375,27.579505920410156,27.98586654663086,28.07420539855957,9040400.0,26.271602630615234
2013-06-12,28.268550872802734,27.34099006652832,28.11837387084961,27.482332229614258,5702900.0,25.717729568481445
2013-06-13,28.23321533203125,26.908126831054688,27.120141983032227,28.091873168945312,7567400.0,26.288131713867188
2013-06-14,28.0300350189209,27.508834838867188,27.667844772338867,27.747350692749023,8157700.0,25.965734481811523
2013-06-17,28.065370559692383,27.641342163085938,27.765018463134766,27.720848083496094,4609800.0,25.940929412841797
2013-06-18,28.427562713623047,27.438161849975586,27.623674392700195,28.012367248535156,6353100.0,26.213729858398438
2013-06-19,28.939929962158203,28.197879791259766,28.34805679321289,28.568904876708984,7739300.0,26.734539031982422
2013-06-20,28.524734497070312,27.641342163085938,28.39222526550293,27.809186935424805,7146900.0,26.023597717285156
2013-06-21,28.11837387084961,27.641342163085938,27.994699478149414,27.968198776245117,5801600.0,26.172401428222656
2013-06-24,27.906360626220703,27.376325607299805,27.77385139465332,27.720848083496094,6113200.0,25.940929412841797
2013-06-25,28.180212020874023,27.84452247619629,28.0035343170166,28.021202087402344,3242300.0,26.222002029418945
2013-06-26,28.60424041748047,28.11837387084961,28.295053482055664,28.57773780822754,4033500.0,26.74280548095703
2013-06-27,29.399293899536133,28.73674964904785,28.80742073059082,29.10777473449707,4202200.0,27.238807678222656
2013-06-28,29.231449127197266,28.860424041748047,28.869258880615234,28.99293327331543,3557100.0,27.13133430480957
2013-07-01,29.8700008392334,28.5,29.100000381469727,29.530000686645508,1122000.0,27.63392448425293
2013-07-02,29.8700008392334,29.270000457763672,29.809999465942383,29.34000015258789,1503500.0,27.45612144470215
2013-07-03,29.829999923706055,28.93000030517578,29.3799991607666,29.75,719000.0,27.839794158935547
2013-07-05,30.649999618530273,30.020000457763672,30.639999389648438,30.31999969482422,1619000.0,28.373197555541992
2013-07-08,30.6299991607666,30.18000030517578,30.280000686645508,30.40999984741211,1998100.0,28.45741844177246
2013-07-09,30.6200008392334,30.030000686645508,30.6200008392334,30.200000762939453,1436200.0,28.26089859008789
2013-07-10,30.399999618530273,29.729999542236328,30.299999237060547,30.059999465942383,2030200.0,28.129892349243164
2013-07-11,30.520000457763672,29.899999618530273,30.059999465942383,30.079999923706055,1774000.0,28.14860725402832
2013-07-12,30.3799991607666,30.040000915527344,30.06999969482422,30.290000915527344,1585600.0,28.345123291015625
2013-07-15,30.399999618530273,30.049999237060547,30.399999618530273,30.149999618530273,1247200.0,28.214111328125
2013-07-16,30.459999084472656,30.149999618530273,30.25,30.309999465942383,1031100.0,28.36383819580078
2013-07-17,30.489999771118164,30.059999465942383,30.350000381469727,30.309999465942383,1079900.0,28.36383819580078
2013-07-18,31.229999542236328,30.25,30.280000686645508,31.030000686645508,2332500.0,29.037607192993164
2013-07-19,31.1299991607666,30.649999618530273,30.8700008392334,30.770000457763672,1269600.0,28.794301986694336
2013-07-22,31.200000762939453,30.610000610351562,31.18000030517578,30.8799991607666,979400.0,28.897239685058594
2013-07-23,31.020000457763672,30.610000610351562,30.8700008392334,30.84000015258789,3348000.0,28.85980796813965
2013-07-24,30.969999313354492,30.309999465942383,30.75,30.479999542236328,1720800.0,28.522918701171875
2013-07-25,30.530000686645508,30.15999984741211,30.260000228881836,30.450000762939453,866700.0,28.494850158691406
2013-07-26,30.5,30.18000030517578,30.18000030517578,30.479999542236328,1077200.0,28.522918701171875
2013-07-29,30.450000762939453,29.8700008392334,30.450000762939453,29.989999771118164,1147600.0,28.06438446044922
2013-07-30,30.209999084472656,29.530000686645508,29.969999313354492,29.530000686645508,2256500.0,27.63392448425293
2013-07-31,30.219999313354492,29.600000381469727,29.729999542236328,29.989999771118164,1927100.0,28.06438446044922
2013-08-01,30.729999542236328,30.209999084472656,30.34000015258789,30.670000076293945,855100.0,28.700725555419922
2013-08-02,31.579999923706055,30.649999618530273,30.729999542236328,31.540000915527344,1977800.0,29.514863967895508
2013-08-05,32.099998474121094,31.299999237060547,31.540000915527344,31.389999389648438,1571500.0,29.374492645263672
2013-08-06,31.649999618530273,31.149999618530273,31.489999771118164,31.290000915527344,1619900.0,29.280912399291992
2013-08-07,32.849998474121094,31.5,31.6200008392334,31.81999969482422,5071900.0,29.77688217163086
2013-08-08,33.880001068115234,31.799999237060547,31.8799991607666,32.83000183105469,4525900.0,30.72203254699707
2013-08-09,33.189998626708984,32.70000076293945,32.849998474121094,32.79999923706055,1063300.0,30.693960189819336
2013-08-12,32.869998931884766,32.59000015258789,32.689998626708984,32.709999084472656,939200.0,30.6097412109375
2013-08-13,32.75,32.369998931884766,32.72999954223633,32.540000915527344,850100.0,30.450654983520508
2013-08-14,32.7599983215332,32.20000076293945,32.560001373291016,32.349998474121094,1536300.0,30.272851943969727
2013-08-15,32.15999984741211,31.610000610351562,32.040000915527344,31.950000762939453,1202600.0,29.898536682128906
2013-08-16,32.27000045776367,31.889999389648438,32.13999938964844,32.060001373291016,660600.0,30.001474380493164
2013-08-19,32.119998931884766,31.510000228881836,32.119998931884766,31.540000915527344,945400.0,29.514863967895508
2013-08-20,32.04999923706055,31.5,31.56999969482422,31.989999771118164,512900.0,29.935972213745117
2013-08-21,32.0,31.510000228881836,31.729999542236328,31.540000915527344,838900.0,29.514863967895508
2013-08-22,32.25,31.520000457763672,31.649999618530273,32.150001525878906,1161200.0,30.085693359375
2013-08-23,32.400001525878906,32.099998474121094,32.22999954223633,32.25,1807900.0,30.179275512695312
2013-08-26,32.599998474121094,32.09000015258789,32.2400016784668,32.18000030517578,930200.0,30.113767623901367
2013-08-27,31.989999771118164,31.469999313354492,31.829999923706055,31.649999618530273,1564400.0,29.617795944213867
2013-08-28,31.8700008392334,31.329999923706055,31.729999542236328,31.65999984741211,1365100.0,29.62715721130371
2013-08-29,31.920000076293945,31.3700008392334,31.40999984741211,31.510000228881836,1525000.0,29.48678970336914
2013-08-30,31.729999542236328,31.18000030517578,31.600000381469727,31.389999389648438,1326600.0,29.374492645263672
2013-09-03,32.38999938964844,31.670000076293945,32.380001068115234,31.790000915527344,2642000.0,29.748809814453125
2013-09-04,32.220001220703125,31.65999984741211,31.739999771118164,32.029998779296875,1049000.0,29.973398208618164
2013-09-05,32.189998626708984,31.809999465942383,31.969999313354492,32.0099983215332,667800.0,29.954681396484375
2013-09-06,32.40999984741211,31.479999542236328,32.22999954223633,32.15999984741211,1516800.0,30.09505271911621
2013-09-09,32.43000030517578,31.81999969482422,32.040000915527344,32.16999816894531,1253900.0,30.22187614440918
2013-09-10,32.459999084472656,32.130001068115234,32.40999984741211,32.25,555500.0,30.29703140258789
2013-09-11,32.650001525878906,32.290000915527344,32.33000183105469,32.5099983215332,976200.0,30.541288375854492
2013-09-12,32.59000015258789,32.189998626708984,32.59000015258789,32.34000015258789,886100.0,30.3815860748291
2013-09-13,32.68000030517578,32.13999938964844,32.5,32.650001525878906,922200.0,30.67281150817871
2013-09-16,33.33000183105469,32.56999969482422,33.2400016784668,32.63999938964844,1160900.0,30.66341209411621
2013-09-17,32.810001373291016,32.4900016784668,32.79999923706055,32.599998474121094,1403900.0,30.625837326049805
2013-09-18,33.02000045776367,32.33000183105469,32.5,32.77000045776367,978200.0,30.785541534423828
2013-09-19,32.91999816894531,32.45000076293945,32.90999984741211,32.81999969482422,851200.0,30.8325138092041
2013-09-20,33.290000915527344,32.77000045776367,32.77000045776367,33.0,1469900.0,31.001615524291992
2013-09-23,33.2400016784668,32.68000030517578,33.2400016784668,32.72999954223633,1372000.0,30.74796485900879
2013-09-24,32.91999816894531,32.5099983215332,32.83000183105469,32.54999923706055,1130500.0,30.578866958618164
2013-09-25,32.779998779296875,32.27000045776367,32.38999938964844,32.65999984741211,1321900.0,30.682201385498047
2013-09-26,33.02000045776367,32.72999954223633,32.7400016784668,32.9900016784668,1042200.0,30.992229461669922
2013-09-27,33.41999816894531,32.86000061035156,32.900001525878906,33.27000045776367,1784700.0,31.255264282226562
2013-09-30,33.529998779296875,32.86000061035156,33.11000061035156,33.400001525878906,1498500.0,31.37739372253418
2013-10-01,34.040000915527344,33.060001373291016,33.380001068115234,33.939998626708984,2066300.0,31.88469123840332
2013-10-02,33.939998626708984,33.529998779296875,33.88999938964844,33.63999938964844,2102200.0,31.602867126464844
2013-10-03,33.709999084472656,32.97999954223633,33.58000183105469,33.16999816894531,2516100.0,31.161317825317383
2013-10-04,33.66999816894531,33.02000045776367,33.27000045776367,33.59000015258789,2236700.0,31.555885314941406
2013-10-07,33.470001220703125,33.0099983215332,33.13999938964844,33.029998779296875,893400.0,31.02979850769043
2013-10-08,33.119998931884766,32.369998931884766,33.04999923706055,32.41999816894531,1092900.0,30.45673942565918
2013-10-09,32.619998931884766,31.979999542236328,32.619998931884766,32.18000030517578,2982800.0,30.231271743774414
2013-10-10,32.93000030517578,32.310001373291016,32.45000076293945,32.779998779296875,1698200.0,30.794940948486328
2013-10-11,33.150001525878906,32.5099983215332,32.5099983215332,33.150001525878906,1319500.0,31.142532348632812
2013-10-14,33.66999816894531,32.81999969482422,33.040000915527344,33.58000183105469,1065500.0,31.546493530273438
2013-10-15,33.63999938964844,33.29999923706055,33.38999938964844,33.349998474121094,1243200.0,31.33041763305664
2013-10-16,34.02000045776367,33.59000015258789,33.68000030517578,33.90999984741211,1664700.0,31.85651206970215
2013-10-17,34.279998779296875,33.720001220703125,33.86000061035156,34.22999954223633,1701400.0,32.157127380371094
2013-10-18,34.470001220703125,34.16999816894531,34.380001068115234,34.209999084472656,1369200.0,32.138336181640625
2013-10-21,34.459999084472656,34.060001373291016,34.060001373291016,34.25,1459500.0,32.17591857910156
2013-10-22,34.849998474121094,34.290000915527344,34.52000045776367,34.7400016784668,1123500.0,32.636253356933594
2013-10-23,34.7400016784668,34.31999969482422,34.599998474121094,34.5099983215332,1960000.0,32.420169830322266
2013-10-24,34.900001525878906,34.29999923706055,34.29999923706055,34.849998474121094,2041700.0,32.73957824707031
2013-10-25,35.040000915527344,34.529998779296875,34.880001068115234,34.63999938964844,1467200.0,32.54229736328125
2013-10-28,34.810001373291016,34.52000045776367,34.650001525878906,34.619998931884766,1445000.0,32.52350997924805
2013-10-29,34.709999084472656,34.31999969482422,34.4900016784668,34.58000183105469,1164800.0,32.48593521118164
2013-10-30,34.7400016784668,33.59000015258789,34.599998474121094,33.84000015258789,3214500.0,31.790748596191406
2013-10-31,34.34000015258789,33.869998931884766,34.0,34.02000045776367,2316400.0,31.95984649658203
2013-11-01,34.369998931884766,33.97999954223633,34.0,34.220001220703125,1430400.0,32.147735595703125
2013-11-04,34.470001220703125,33.779998779296875,34.470001220703125,34.02000045776367,920800.0,31.95984649658203
2013-11-05,33.90999984741211,33.380001068115234,33.689998626708984,33.869998931884766,1505400.0,31.818925857543945
2013-11-06,35.189998626708984,33.56999969482422,34.209999084472656,33.7599983215332,2044100.0,31.715585708618164
2013-11-07,33.88999938964844,32.540000915527344,33.77000045776367,32.68000030517578,2416500.0,30.701000213623047
2013-11-08,33.63999938964844,32.77000045776367,32.90999984741211,33.61000061035156,2432700.0,31.574676513671875
2013-11-11,33.529998779296875,33.16999816894531,33.470001220703125,33.2400016784668,723000.0,31.227083206176758
2013-11-12,33.130001068115234,32.599998474121094,33.08000183105469,32.93000030517578,1616300.0,30.93585777282715
2013-11-13,33.40999984741211,32.619998931884766,32.81999969482422,33.36000061035156,1243700.0,31.339815139770508
2013-11-14,34.02000045776367,33.189998626708984,33.189998626708984,33.790000915527344,1634000.0,31.743776321411133
2013-11-15,34.04999923706055,33.65999984741211,33.849998474121094,33.849998474121094,941500.0,31.800138473510742
2013-11-18,33.939998626708984,33.25,33.939998626708984,33.41999816894531,1011900.0,31.396177291870117
2013-11-19,33.4900016784668,32.90999984741211,33.209999084472656,32.959999084472656,1291800.0,30.964038848876953
2013-11-20,33.33000183105469,32.68000030517578,32.939998626708984,32.81999969482422,1000200.0,30.8325138092041
2013-11-21,33.16999816894531,32.790000915527344,32.88999938964844,32.88999938964844,1363800.0,30.898273468017578
2013-11-22,33.099998474121094,32.81999969482422,32.97999954223633,32.959999084472656,1616400.0,30.964038848876953
2013-11-25,33.15999984741211,32.66999816894531,32.959999084472656,32.720001220703125,1353500.0,30.738571166992188
2013-11-26,32.95000076293945,32.470001220703125,32.54999923706055,32.65999984741211,1528400.0,30.682201385498047
2013-11-27,32.93000030517578,32.58000183105469,32.81999969482422,32.869998931884766,1749700.0,30.879486083984375
2013-11-29,33.290000915527344,32.79999923706055,33.11000061035156,33.029998779296875,1012900.0,31.02979850769043
2013-12-02,33.20000076293945,32.86000061035156,32.95000076293945,32.97999954223633,1731900.0,30.982824325561523
2013-12-03,33.02000045776367,32.43000030517578,32.7400016784668,32.75,1008200.0,30.766752243041992
2013-12-04,32.869998931884766,32.16999816894531,32.869998931884766,32.33000183105469,1367800.0,30.372190475463867
2013-12-05,32.290000915527344,31.93000030517578,32.16999816894531,31.959999084472656,1460600.0,30.02459716796875
2013-12-06,32.599998474121094,31.850000381469727,32.599998474121094,32.15999984741211,3258400.0,30.212482452392578
2013-12-09,32.349998474121094,31.959999084472656,32.2400016784668,32.09000015258789,3061100.0,30.146724700927734
2013-12-10,32.439998626708984,31.93000030517578,31.93000030517578,32.310001373291016,2515900.0,30.35340118408203
2013-12-11,32.38999938964844,31.690000534057617,32.25,31.739999771118164,1469800.0,29.81791877746582
2013-12-12,31.850000381469727,31.18000030517578,31.18000030517578,31.649999618530273,3564400.0,29.73336410522461
2013-12-13,32.25,31.420000076293945,31.469999313354492,32.08000183105469,4289100.0,30.1373291015625
2013-12-16,32.189998626708984,31.84000015258789,31.84000015258789,32.0099983215332,3452000.0,30.071561813354492
2013-12-17,32.029998779296875,31.579999923706055,31.959999084472656,31.950000762939453,3228000.0,30.015201568603516
2013-12-18,32.650001525878906,31.780000686645508,32.34000015258789,32.59000015258789,2323500.0,30.61644172668457
2013-12-19,33.310001373291016,32.5,32.650001525878906,33.220001220703125,2991500.0,31.208293914794922
2013-12-20,33.84000015258789,33.310001373291016,33.40999984741211,33.58000183105469,1594500.0,31.546493530273438
2013-12-23,33.959999084472656,33.27000045776367,33.40999984741211,33.91999816894531,1363000.0,31.865901947021484
2013-12-24,34.18000030517578,33.84000015258789,34.130001068115234,34.13999938964844,491900.0,32.07258224487305
2013-12-26,34.47999954223633,33.90999984741211,33.90999984741211,34.400001525878906,1809800.0,32.31684112548828
2013-12-27,34.540000915527344,34.27000045776367,34.5,34.369998931884766,7614300.0,32.28865051269531
2013-12-30,34.65999984741211,34.11000061035156,34.29999923706055,34.439998626708984,1961600.0,32.354408264160156
2013-12-31,34.650001525878906,34.41999816894531,34.59000015258789,34.599998474121094,1922600.0,32.504722595214844
2014-01-02,35.18000030517578,34.45000076293945,34.58000183105469,35.040000915527344,1978500.0,32.91807556152344
2014-01-03,35.119998931884766,34.630001068115234,35.08000183105469,34.65999984741211,1066700.0,32.56108856201172
2014-01-06,34.7400016784668,34.2599983215332,34.470001220703125,34.27000045776367,1660900.0,32.19470977783203
2014-01-07,34.650001525878906,34.2599983215332,34.290000915527344,34.369998931884766,1465600.0,32.28865051269531
2014-01-08,34.4900016784668,33.72999954223633,34.4900016784668,33.79999923706055,1549200.0,31.753175735473633
2014-01-09,33.04999923706055,32.45000076293945,32.56999969482422,32.59000015258789,16683000.0,30.61644172668457
2014-01-10,32.88999938964844,32.2400016784668,32.5,32.84000015258789,9104700.0,30.851306915283203
2014-01-13,32.83000183105469,31.81999969482422,32.5099983215332,31.93000030517578,8806600.0,29.996408462524414
2014-01-14,31.940000534057617,31.399999618530273,31.8799991607666,31.829999923706055,4435400.0,29.9024658203125
2014-01-15,32.33000183105469,31.6299991607666,31.790000915527344,31.979999542236328,6884200.0,30.043380737304688
2014-01-16,32.04999923706055,31.690000534057617,31.850000381469727,31.81999969482422,3888000.0,29.8930721282959
2014-01-17,31.829999923706055,31.399999618530273,31.639999389648438,31.459999084472656,4310000.0,29.554872512817383
2014-01-21,31.459999084472656,31.09000015258789,31.360000610351562,31.239999771118164,6552400.0,29.348194122314453
2014-01-22,31.670000076293945,31.100000381469727,31.149999618530273,31.360000610351562,5141600.0,29.4609317779541
2014-01-23,31.309999465942383,30.940000534057617,31.040000915527344,31.030000686645508,4869900.0,29.150911331176758
2014-01-24,30.920000076293945,30.540000915527344,30.719999313354492,30.690000534057617,4141000.0,28.831501007080078
2014-01-27,30.829999923706055,30.31999969482422,30.600000381469727,30.549999237060547,3327700.0,28.69997787475586
2014-01-28,30.920000076293945,30.260000228881836,30.290000915527344,30.670000076293945,5160800.0,28.812713623046875
2014-01-29,30.729999542236328,30.020000457763672,30.170000076293945,30.209999084472656,5524300.0,28.380565643310547
2014-01-30,31.700000762939453,30.389999389648438,30.389999389648438,31.309999465942383,8396000.0,29.41395378112793
2014-01-31,31.510000228881836,30.75,30.760000228881836,31.239999771118164,7007600.0,29.348194122314453
2014-02-03,31.31999969482422,30.229999542236328,31.229999542236328,30.459999084472656,6073700.0,28.61543083190918
2014-02-04,31.309999465942383,30.530000686645508,30.59000015258789,31.040000915527344,5847000.0,29.160306930541992
2014-02-05,31.260000228881836,30.350000381469727,30.5,31.149999618530273,5213800.0,29.26364517211914
2014-02-06,32.119998931884766,30.6299991607666,30.8700008392334,31.56999969482422,5960000.0,29.658212661743164
2014-02-07,31.760000228881836,31.260000228881836,31.510000228881836,31.56999969482422,4940100.0,29.658212661743164
2014-02-10,31.739999771118164,31.280000686645508,31.739999771118164,31.440000534057617,2695500.0,29.653499603271484
2014-02-11,31.68000030517578,31.15999984741211,31.229999542236328,31.510000228881836,3112700.0,29.719518661499023
2014-02-12,31.90999984741211,31.270000457763672,31.270000457763672,31.809999465942383,6823200.0,30.002470016479492
2014-02-13,32.029998779296875,31.440000534057617,31.65999984741211,31.579999923706055,4912100.0,29.785541534423828
2014-02-14,32.040000915527344,31.530000686645508,31.670000076293945,31.829999923706055,2598500.0,30.02133560180664
2014-02-18,32.349998474121094,31.90999984741211,32.119998931884766,32.13999938964844,4655700.0,30.313720703125
2014-02-19,32.189998626708984,31.8799991607666,31.950000762939453,31.889999389648438,3972800.0,30.077926635742188
2014-02-20,31.979999542236328,31.450000762939453,31.850000381469727,31.799999237060547,4463000.0,29.993040084838867
2014-02-21,32.290000915527344,31.780000686645508,32.0,32.130001068115234,3184900.0,30.30428695678711
2014-02-24,32.68000030517578,32.04999923706055,32.04999923706055,32.29999923706055,2565500.0,30.464630126953125
2014-02-25,32.4900016784668,32.130001068115234,32.310001373291016,32.22999954223633,2675200.0,30.398605346679688
2014-02-26,32.369998931884766,31.940000534057617,32.34000015258789,31.950000762939453,3658200.0,30.1345157623291
2014-02-27,32.18000030517578,31.81999969482422,31.81999969482422,32.119998931884766,2685400.0,30.29485321044922
2014-02-28,32.7400016784668,32.189998626708984,32.31999969482422,32.54999923706055,3518000.0,30.700422286987305
2014-03-03,32.54999923706055,31.899999618530273,32.459999084472656,32.09000015258789,2074600.0,30.266563415527344
2014-03-04,32.86000061035156,32.34000015258789,32.5,32.7599983215332,3713200.0,30.89849281311035
2014-03-05,33.310001373291016,32.459999084472656,32.599998474121094,33.029998779296875,2505800.0,31.153154373168945
2014-03-06,33.66999816894531,33.02000045776367,33.209999084472656,33.459999084472656,3214800.0,31.558712005615234
2014-03-07,33.7599983215332,33.099998474121094,33.75,33.13999938964844,3242000.0,31.25689697265625
2014-03-10,33.220001220703125,32.720001220703125,33.02000045776367,32.939998626708984,2830000.0,31.185894012451172
2014-03-11,32.869998931884766,32.11000061035156,32.79999923706055,32.279998779296875,4401600.0,30.561037063598633
2014-03-12,32.310001373291016,31.940000534057617,32.2400016784668,32.060001373291016,3823800.0,30.35275650024414
2014-03-13,32.33000183105469,31.399999618530273,32.33000183105469,31.450000762939453,3271300.0,29.775239944458008
2014-03-14,31.790000915527344,31.350000381469727,31.510000228881836,31.639999389648438,2529700.0,29.955116271972656
2014-03-17,32.09000015258789,31.65999984741211,31.8799991607666,31.799999237060547,3332700.0,30.106597900390625
2014-03-18,32.40999984741211,31.65999984741211,31.809999465942383,32.2400016784668,3796400.0,30.523176193237305
2014-03-19,32.36000061035156,31.889999389648438,32.189998626708984,32.0,4756800.0,30.29595184326172
2014-03-20,32.06999969482422,31.639999389648438,31.850000381469727,31.799999237060547,6854600.0,30.106597900390625
2014-03-21,32.470001220703125,31.809999465942383,32.33000183105469,31.829999923706055,4422400.0,30.13500213623047
2014-03-24,32.0099983215332,31.350000381469727,32.0099983215332,31.479999542236328,2956700.0,29.80363655090332
2014-03-25,31.860000610351562,31.389999389648438,31.709999084472656,31.639999389648438,4081200.0,29.955116271972656
2014-03-26,32.08000183105469,31.299999237060547,31.860000610351562,31.299999237060547,2934100.0,29.63322639465332
2014-03-27,31.549999237060547,30.90999984741211,31.549999237060547,30.969999313354492,3967200.0,29.32080078125
2014-03-28,31.139999389648438,30.5,31.139999389648438,30.719999313354492,5060600.0,29.0841121673584
2014-03-31,31.309999465942383,30.760000228881836,30.760000228881836,31.1200008392334,2933800.0,29.462810516357422
2014-04-01,32.08000183105469,31.059999465942383,31.25,32.04999923706055,8187100.0,30.34328842163086
2014-04-02,32.709999084472656,30.280000686645508,30.280000686645508,32.52000045776367,10749400.0,30.788257598876953
2014-04-03,33.060001373291016,32.279998779296875,32.59000015258789,32.7599983215332,9344700.0,31.015478134155273
2014-04-04,33.2400016784668,32.119998931884766,33.099998474121094,32.189998626708984,9031400.0,30.475831985473633
2014-04-07,32.15999984741211,30.670000076293945,31.940000534057617,31.18000030517578,5427100.0,29.519615173339844
2014-04-08,31.790000915527344,30.889999389648438,31.010000228881836,31.649999618530273,4161300.0,29.964584350585938
2014-04-09,32.34000015258789,31.559999465942383,31.780000686645508,32.29999923706055,5618100.0,30.579975128173828
2014-04-10,32.400001525878906,31.399999618530273,32.2599983215332,31.540000915527344,3889800.0,29.86044692993164
2014-04-11,31.469999313354492,30.799999237060547,31.459999084472656,31.010000228881836,5868400.0,29.358667373657227
2014-04-14,31.350000381469727,30.889999389648438,31.350000381469727,31.09000015258789,5019900.0,29.43440818786621
2014-04-15,31.200000762939453,30.3700008392334,31.020000457763672,30.770000457763672,4559900.0,29.131450653076172
2014-04-16,31.34000015258789,30.8700008392334,31.09000015258789,31.31999969482422,3298800.0,29.65216064453125
2014-04-17,31.809999465942383,31.040000915527344,31.139999389648438,31.690000534057617,6970700.0,30.002456665039062
2014-04-21,31.8799991607666,31.3700008392334,31.8700008392334,31.700000762939453,3181500.0,30.011924743652344
2014-04-22,32.29999923706055,31.729999542236328,31.780000686645508,31.989999771118164,5220500.0,30.286479949951172
2014-04-23,32.130001068115234,31.709999084472656,31.920000076293945,31.899999618530273,5190400.0,30.20127296447754
2014-04-24,32.04999923706055,31.709999084472656,31.93000030517578,32.029998779296875,3835800.0,30.324350357055664
2014-04-25,32.0,31.700000762939453,31.950000762939453,31.780000686645508,3152500.0,30.087665557861328
2014-04-28,32.0,30.579999923706055,32.0,31.030000686645508,7632100.0,29.377601623535156
2014-04-29,31.34000015258789,30.889999389648438,31.31999969482422,31.290000915527344,4518900.0,29.623760223388672
2014-04-30,31.520000457763672,30.950000762939453,31.079999923706055,31.31999969482422,10774000.0,29.65216064453125
2014-05-01,31.860000610351562,31.149999618530273,31.25,31.690000534057617,7124400.0,30.002456665039062
2014-05-02,31.899999618530273,31.440000534057617,31.799999237060547,31.780000686645508,3595500.0,30.087665557861328
2014-05-05,32.040000915527344,31.399999618530273,31.739999771118164,32.0,3148900.0,30.29595184326172
2014-05-06,32.040000915527344,31.559999465942383,31.850000381469727,31.65999984741211,3199100.0,29.97405433654785
2014-05-07,31.860000610351562,31.09000015258789,31.709999084472656,31.399999618530273,6472300.0,29.7278995513916
2014-05-08,33.77000045776367,31.899999618530273,31.940000534057617,33.47999954223633,10812800.0,31.697132110595703
2014-05-09,33.529998779296875,32.720001220703125,33.439998626708984,33.45000076293945,5990900.0,31.668733596801758
2014-05-12,34.81999969482422,33.560001373291016,33.560001373291016,34.34000015258789,5476200.0,32.5113410949707
2014-05-13,34.47999954223633,33.959999084472656,34.459999084472656,34.06999969482422,2050600.0,32.25571823120117
2014-05-14,34.02000045776367,33.349998474121094,33.689998626708984,33.459999084472656,2938700.0,31.678197860717773
2014-05-15,33.59000015258789,32.5099983215332,33.59000015258789,33.2599983215332,2964800.0,31.488853454589844
2014-05-16,33.29999923706055,32.77000045776367,33.060001373291016,33.20000076293945,3210200.0,31.43204689025879
2014-05-19,33.33000183105469,33.0,33.2599983215332,33.279998779296875,3350400.0,31.50778579711914
2014-05-20,33.54999923706055,33.11000061035156,33.15999984741211,33.2599983215332,4136300.0,31.488853454589844
2014-05-21,33.75,33.38999938964844,33.43000030517578,33.720001220703125,3638000.0,31.924362182617188
2014-05-22,33.84000015258789,33.529998779296875,33.7400016784668,33.630001068115234,2904700.0,31.83915138244629
2014-05-23,34.08000183105469,33.470001220703125,33.599998474121094,34.040000915527344,2397500.0,32.227317810058594
2014-05-27,34.31999969482422,33.66999816894531,34.040000915527344,33.810001373291016,5308200.0,32.00956344604492
2014-05-28,34.2400016784668,33.619998931884766,33.720001220703125,34.15999984741211,4735300.0,32.3409309387207
2014-05-29,34.5099983215332,34.119998931884766,34.15999984741211,34.5,5098400.0,32.66282272338867
2014-05-30,34.810001373291016,34.279998779296875,34.810001373291016,34.459999084472656,3662000.0,32.62494659423828
2014-06-02,34.63999938964844,34.33000183105469,34.54999923706055,34.619998931884766,4013500.0,32.776432037353516
2014-06-03,34.689998626708984,34.31999969482422,34.38999938964844,34.40999984741211,2183600.0,32.57761001586914
2014-06-04,34.650001525878906,34.18000030517578,34.18000030517578,34.52000045776367,3066400.0,32.6817512512207
2014-06-05,35.13999938964844,34.400001525878906,34.52000045776367,35.099998474121094,3258700.0,33.23086929321289
2014-06-06,35.310001373291016,34.849998474121094,35.099998474121094,35.06999969482422,3861200.0,33.20246124267578
2014-06-09,35.459999084472656,35.04999923706055,35.04999923706055,35.36000061035156,3313800.0,33.477027893066406
2014-06-10,35.43000030517578,34.88999938964844,35.04999923706055,35.04999923706055,4313400.0,33.18353271484375
2014-06-11,35.34000015258789,34.79999923706055,35.18000030517578,35.02000045776367,3251900.0,33.155128479003906
2014-06-12,35.119998931884766,34.220001220703125,35.09000015258789,34.310001373291016,3830900.0,32.48293685913086
2014-06-13,35.650001525878906,33.939998626708984,35.439998626708984,34.38999938964844,2439300.0,32.55867385864258
2014-06-16,34.7599983215332,33.97999954223633,34.13999938964844,34.47999954223633,3204700.0,32.643882751464844
2014-06-17,34.7400016784668,34.20000076293945,34.5,34.38999938964844,3835100.0,32.55867385864258
2014-06-18,34.54999923706055,34.18000030517578,34.5,34.33000183105469,5080100.0,32.50187683105469
2014-06-19,34.4900016784668,34.040000915527344,34.29999923706055,34.20000076293945,2167700.0,32.3787956237793
2014-06-20,34.25,33.5099983215332,34.25,33.56999969482422,5857800.0,31.782350540161133
2014-06-23,33.79999923706055,33.459999084472656,33.77000045776367,33.529998779296875,4288100.0,31.74447250366211
2014-06-24,33.72999954223633,33.29999923706055,33.45000076293945,33.36000061035156,3525800.0,31.58352279663086
2014-06-25,34.189998626708984,33.18000030517578,33.40999984741211,34.08000183105469,5736700.0,32.26518249511719
2014-06-26,34.47999954223633,33.720001220703125,33.900001525878906,34.220001220703125,2843400.0,32.39773178100586
2014-06-27,34.56999969482422,32.58000183105469,33.540000915527344,34.34000015258789,2059800.0,32.5113410949707
2014-06-30,34.63999938964844,34.16999816894531,34.41999816894531,34.22999954223633,1813100.0,32.407196044921875
2014-07-01,34.45000076293945,33.88999938964844,34.20000076293945,34.33000183105469,3324600.0,32.50187683105469
2014-07-02,34.7400016784668,34.189998626708984,34.5099983215332,34.66999816894531,4019300.0,32.82377243041992
2014-07-03,35.16999816894531,34.560001373291016,34.599998474121094,35.13999938964844,1462200.0,33.26873779296875
2014-07-07,35.15999984741211,34.56999969482422,35.15999984741211,34.630001068115234,2873300.0,32.7859001159668
2014-07-08,34.689998626708984,33.95000076293945,34.63999938964844,34.099998474121094,3842600.0,32.28411865234375
2014-07-09,34.88999938964844,34.130001068115234,34.310001373291016,34.83000183105469,2302400.0,32.97525405883789
2014-07-10,34.79999923706055,34.41999816894531,34.630001068115234,34.619998931884766,1679700.0,32.776432037353516
2014-07-11,34.849998474121094,34.189998626708984,34.84000015258789,34.5,2798600.0,32.66282272338867
2014-07-14,34.90999984741211,34.38999938964844,34.86000061035156,34.41999816894531,2415400.0,32.58707809448242
2014-07-15,34.84000015258789,33.779998779296875,34.84000015258789,34.15999984741211,3443900.0,32.3409309387207
2014-07-16,34.34000015258789,32.16999816894531,34.34000015258789,32.56999969482422,37898700.0,30.835594177246094
2014-07-17,32.7599983215332,32.25,32.369998931884766,32.459999084472656,29960700.0,30.73145294189453
2014-07-18,32.810001373291016,32.290000915527344,32.54999923706055,32.7599983215332,13897700.0,31.015478134155273
2014-07-21,32.619998931884766,32.2400016784668,32.540000915527344,32.4900016784668,6445400.0,30.759851455688477
2014-07-22,32.869998931884766,32.5,32.66999816894531,32.720001220703125,5221900.0,30.97760581970215
2014-07-23,32.650001525878906,32.16999816894531,32.4900016784668,32.25,9468200.0,30.532634735107422
2014-07-24,32.66999816894531,32.209999084472656,32.400001525878906,32.56999969482422,9521900.0,30.835594177246094
2014-07-25,33.15999984741211,32.5,32.619998931884766,32.56999969482422,7643200.0,30.835594177246094
2014-07-28,32.630001068115234,32.16999816894531,32.630001068115234,32.25,7059200.0,30.532634735107422
2014-07-29,32.459999084472656,32.0,32.459999084472656,32.029998779296875,7922300.0,30.324350357055664
2014-07-30,32.310001373291016,31.75,32.02000045776367,31.969999313354492,8201700.0,30.26754379272461
2014-07-31,32.11000061035156,31.65999984741211,31.8799991607666,31.65999984741211,6520700.0,29.97405433654785
2014-08-01,32.04999923706055,31.5,31.700000762939453,31.8700008392334,6296900.0,30.172876358032227
2014-08-04,31.989999771118164,31.350000381469727,31.860000610351562,31.3700008392334,3294800.0,29.699499130249023
2014-08-05,31.579999923706055,31.0,31.3700008392334,31.030000686645508,4174500.0,29.377601623535156
2014-08-06,32.650001525878906,31.56999969482422,32.380001068115234,31.670000076293945,10405200.0,29.9835205078125
2014-08-07,34.11000061035156,32.9900016784668,33.68000030517578,33.08000183105469,9004700.0,31.31844139099121
2014-08-08,33.56999969482422,32.869998931884766,33.18000030517578,33.54999923706055,3964500.0,31.763412475585938
2014-08-11,34.0099983215332,33.349998474121094,33.52000045776367,33.68000030517578,4019000.0,31.886489868164062
2014-08-12,34.15999984741211,33.540000915527344,33.540000915527344,34.0099983215332,3265600.0,32.198917388916016
2014-08-13,34.310001373291016,33.95000076293945,33.959999084472656,34.2400016784668,2592100.0,32.41666793823242
2014-08-14,34.630001068115234,34.130001068115234,34.13999938964844,34.619998931884766,2689300.0,32.776432037353516
2014-08-15,34.91999816894531,34.560001373291016,34.65999984741211,34.720001220703125,2861500.0,32.8711051940918
2014-08-18,35.040000915527344,34.70000076293945,35.0,34.869998931884766,1380800.0,33.013118743896484
2014-08-19,35.060001373291016,34.529998779296875,35.060001373291016,34.72999954223633,3960000.0,32.88056945800781
2014-08-20,35.08000183105469,34.45000076293945,35.02000045776367,34.619998931884766,3470600.0,32.776432037353516
2014-08-21,35.029998779296875,34.439998626708984,34.97999954223633,34.650001525878906,2291300.0,32.804832458496094
2014-08-22,34.880001068115234,34.4900016784668,34.630001068115234,34.70000076293945,1040900.0,32.8521728515625
2014-08-25,34.88999938964844,34.369998931884766,34.75,34.54999923706055,1383900.0,32.71015548706055
2014-08-26,34.7599983215332,34.45000076293945,34.7400016784668,34.52000045776367,1452700.0,32.6817512512207
2014-08-27,34.84000015258789,34.400001525878906,34.400001525878906,34.83000183105469,2158200.0,32.97525405883789
2014-08-28,34.810001373291016,34.58000183105469,34.810001373291016,34.599998474121094,2068500.0,32.75749206542969
2014-08-29,34.599998474121094,34.2599983215332,34.540000915527344,34.439998626708984,3337900.0,32.606014251708984
2014-09-02,34.970001220703125,34.400001525878906,34.400001525878906,34.93000030517578,2698000.0,33.069923400878906
2014-09-03,35.310001373291016,34.869998931884766,34.91999816894531,35.279998779296875,2777800.0,33.40128707885742
2014-09-04,35.540000915527344,35.099998474121094,35.20000076293945,35.130001068115234,2916700.0,33.25927734375
2014-09-05,35.31999969482422,35.02000045776367,35.040000915527344,35.11000061035156,2476500.0,33.24034118652344
2014-09-08,35.310001373291016,34.84000015258789,35.13999938964844,34.900001525878906,1717400.0,33.159576416015625
2014-09-09,34.95000076293945,34.4900016784668,34.95000076293945,34.65999984741211,2179900.0,32.93154525756836
2014-09-10,34.709999084472656,34.380001068115234,34.58000183105469,34.5,3579800.0,32.77952575683594
2014-09-11,34.72999954223633,34.119998931884766,34.5,34.2599983215332,4279600.0,32.55148696899414
2014-09-12,34.38999938964844,33.97999954223633,34.369998931884766,34.09000015258789,3403300.0,32.38997268676758
2014-09-15,34.060001373291016,33.54999923706055,33.83000183105469,33.91999816894531,3192000.0,32.22844314575195
2014-09-16,34.06999969482422,33.61000061035156,33.91999816894531,33.7400016784668,1804700.0,32.05741882324219
2014-09-17,33.91999816894531,33.52000045776367,33.810001373291016,33.61000061035156,2032600.0,31.933902740478516
2014-09-18,33.93000030517578,33.529998779296875,33.529998779296875,33.93000030517578,2008000.0,32.237953186035156
2014-09-19,34.34000015258789,33.86000061035156,34.02000045776367,34.130001068115234,3285100.0,32.42797088623047
2014-09-22,34.099998474121094,33.400001525878906,34.099998474121094,33.4900016784668,3079200.0,31.819894790649414
2014-09-23,33.54999923706055,33.20000076293945,33.5099983215332,33.20000076293945,2956200.0,31.544353485107422
2014-09-24,33.5,33.060001373291016,33.220001220703125,33.459999084472656,2214400.0,31.79138946533203
2014-09-25,33.54999923706055,32.7599983215332,33.5099983215332,32.77000045776367,2385000.0,31.13579750061035
2014-09-26,33.45000076293945,32.68000030517578,32.689998626708984,33.400001525878906,1554600.0,31.7343807220459
2014-09-29,33.45000076293945,33.06999969482422,33.06999969482422,33.25,2666100.0,31.59186363220215
2014-09-30,33.58000183105469,33.130001068115234,33.380001068115234,33.310001373291016,1538700.0,31.648868560791016
2014-10-01,33.2599983215332,32.650001525878906,33.150001525878906,32.86000061035156,2713800.0,31.2213134765625
2014-10-02,32.90999984741211,31.56999969482422,32.900001525878906,32.369998931884766,7166200.0,30.75574493408203
2014-10-03,33.18000030517578,32.380001068115234,32.7400016784668,33.029998779296875,1835900.0,31.382829666137695
2014-10-06,33.22999954223633,32.93000030517578,33.130001068115234,32.97999954223633,1751500.0,31.335323333740234
2014-10-07,32.970001220703125,32.630001068115234,32.970001220703125,32.689998626708984,1870200.0,31.059783935546875
2014-10-08,33.15999984741211,32.470001220703125,32.70000076293945,33.11000061035156,1721600.0,31.458843231201172
2014-10-09,33.15999984741211,32.18000030517578,33.15999984741211,32.20000076293945,3306900.0,30.594223022460938
2014-10-10,32.40999984741211,31.34000015258789,32.11000061035156,31.34000015258789,4199400.0,29.77710723876953
2014-10-13,31.610000610351562,30.690000534057617,31.260000228881836,30.709999084472656,11018600.0,29.178525924682617
2014-10-14,31.360000610351562,30.84000015258789,30.899999618530273,30.959999084472656,4336400.0,29.416057586669922
2014-10-15,31.229999542236328,30.110000610351562,30.469999313354492,30.8700008392334,4764600.0,29.330549240112305
2014-10-16,31.799999237060547,30.25,30.5,31.559999465942383,5342500.0,29.98613739013672
2014-10-17,32.04999923706055,31.479999542236328,31.969999313354492,31.639999389648438,4736800.0,30.06214714050293
2014-10-20,32.880001068115234,31.469999313354492,31.65999984741211,31.959999084472656,2411900.0,30.366188049316406
2014-10-21,32.63999938964844,31.899999618530273,32.09000015258789,32.540000915527344,3296200.0,30.917266845703125
2014-10-22,32.83000183105469,31.530000686645508,32.81999969482422,31.639999389648438,4737700.0,30.06214714050293
2014-10-23,32.439998626708984,31.889999389648438,31.889999389648438,32.380001068115234,5928400.0,30.76524543762207
2014-10-24,32.4900016784668,32.099998474121094,32.459999084472656,32.2400016784668,4251200.0,30.632230758666992
2014-10-27,32.650001525878906,32.0,32.0,32.650001525878906,4439400.0,31.021780014038086
2014-10-28,33.18000030517578,32.43000030517578,32.43000030517578,33.11000061035156,3975000.0,31.458843231201172
2014-10-29,33.369998931884766,32.959999084472656,33.11000061035156,33.11000061035156,2161200.0,31.458843231201172
2014-10-30,33.349998474121094,32.810001373291016,32.86000061035156,33.290000915527344,4932600.0,31.629859924316406
2014-10-31,34.31999969482422,33.06999969482422,33.650001525878906,33.16999816894531,3045500.0,31.51584243774414
2014-11-03,33.560001373291016,32.900001525878906,33.04999923706055,33.11000061035156,2419200.0,31.458843231201172
2014-11-04,32.90999984741211,31.40999984741211,32.77000045776367,31.989999771118164,5900900.0,30.394691467285156
2014-11-05,33.45000076293945,32.58000183105469,32.970001220703125,33.40999984741211,6531400.0,31.743879318237305
2014-11-06,34.15999984741211,33.29999923706055,33.959999084472656,33.93000030517578,5377000.0,32.237953186035156
2014-11-07,33.849998474121094,33.13999938964844,33.83000183105469,33.2400016784668,3875600.0,31.582361221313477
2014-11-10,33.369998931884766,32.959999084472656,33.119998931884766,33.290000915527344,3825800.0,31.629859924316406
2014-11-11,33.439998626708984,33.119998931884766,33.220001220703125,33.38999938964844,2429900.0,31.724878311157227
2014-11-12,33.709999084472656,33.029998779296875,33.709999084472656,33.189998626708984,1882200.0,31.534852981567383
2014-11-13,33.59000015258789,32.58000183105469,32.58000183105469,33.54999923706055,1591600.0,31.876895904541016
2014-11-14,33.79999923706055,33.2400016784668,33.61000061035156,33.709999084472656,2143300.0,32.02892303466797
2014-11-17,34.13999938964844,33.52000045776367,33.790000915527344,33.81999969482422,3021200.0,32.1334342956543
2014-11-18,33.939998626708984,33.5099983215332,33.81999969482422,33.77000045776367,2536800.0,32.08592987060547
2014-11-19,33.810001373291016,33.40999984741211,33.61000061035156,33.65999984741211,3314500.0,31.981414794921875
2014-11-20,33.79999923706055,33.20000076293945,33.400001525878906,33.79999923706055,2931300.0,32.11442947387695
2014-11-21,34.119998931884766,33.689998626708984,34.06999969482422,33.95000076293945,3620000.0,32.25695037841797
2014-11-24,34.47999954223633,33.86000061035156,33.900001525878906,34.45000076293945,4903600.0,32.73202133178711
2014-11-25,35.279998779296875,34.470001220703125,34.470001220703125,35.150001525878906,5172300.0,33.39710998535156
2014-11-26,35.150001525878906,34.83000183105469,35.0,34.86000061035156,4892100.0,33.12156677246094
2014-11-28,35.38999938964844,34.560001373291016,34.77000045776367,35.36000061035156,1469800.0,33.59663772583008
2014-12-01,35.75,34.90999984741211,35.29999923706055,35.720001220703125,7401000.0,33.93868637084961
2014-12-02,36.0099983215332,35.47999954223633,35.689998626708984,35.790000915527344,2902800.0,34.00518798828125
2014-12-03,36.0,35.52000045776367,36.0,35.66999816894531,3108300.0,33.891170501708984
2014-12-04,36.290000915527344,35.52000045776367,35.52000045776367,36.150001525878906,5713900.0,34.34724044799805
2014-12-05,36.56999969482422,35.9900016784668,36.29999923706055,36.52000045776367,5101300.0,34.698787689208984
2014-12-08,36.66999816894531,36.11000061035156,36.380001068115234,36.189998626708984,4445700.0,34.38524627685547
2014-12-09,36.119998931884766,35.52000045776367,36.119998931884766,35.7599983215332,4692200.0,33.97669219970703
2014-12-10,35.880001068115234,35.5099983215332,35.529998779296875,35.61000061035156,3324900.0,33.83416748046875
2014-12-11,36.11000061035156,35.599998474121094,35.849998474121094,35.75,2767700.0,33.96718978881836
2014-12-12,35.84000015258789,35.18000030517578,35.61000061035156,35.459999084472656,2961900.0,33.691650390625
2014-12-15,35.77000045776367,35.08000183105469,35.599998474121094,35.15999984741211,5611700.0,33.4066047668457
2014-12-16,35.66999816894531,34.810001373291016,35.189998626708984,34.83000183105469,5216300.0,33.09306716918945
2014-12-17,35.959999084472656,34.959999084472656,35.15999984741211,35.79999923706055,4302000.0,34.01469421386719
2014-12-18,36.400001525878906,35.91999816894531,35.959999084472656,36.400001525878906,2961400.0,34.584774017333984
2014-12-19,37.15999984741211,36.5,36.5,37.060001373291016,23317500.0,35.21186065673828
2014-12-22,37.4900016784668,36.970001220703125,37.220001220703125,37.4900016784668,3312200.0,35.62041473388672
2014-12-23,37.83000183105469,37.279998779296875,37.77000045776367,37.310001373291016,3396800.0,35.449398040771484
2014-12-24,37.5099983215332,37.2400016784668,37.41999816894531,37.33000183105469,847800.0,35.4683952331543
2014-12-26,37.52000045776367,37.2599983215332,37.43000030517578,37.31999969482422,2386600.0,35.458900451660156
2014-12-29,37.529998779296875,37.119998931884766,37.209999084472656,37.4900016784668,2764300.0,35.62041473388672
2014-12-30,37.400001525878906,36.95000076293945,37.400001525878906,37.18000030517578,2326500.0,35.32587432861328
2014-12-31,37.439998626708984,36.86000061035156,37.119998931884766,36.88999938964844,1987900.0,35.05033493041992
2015-01-02,37.15999984741211,36.29999923706055,36.97999954223633,36.52000045776367,1890200.0,34.698787689208984
2015-01-05,36.5,35.70000076293945,36.5,35.77000045776367,1849800.0,33.98619079589844
2015-01-06,35.91999816894531,35.119998931884766,35.90999984741211,35.27000045776367,1921700.0,33.511131286621094
2015-01-07,35.38999938964844,33.75,35.369998931884766,33.959999084472656,7584100.0,32.26645278930664
2015-01-08,34.38999938964844,34.0,34.04999923706055,34.119998931884766,7752400.0,32.4184684753418
2015-01-09,34.310001373291016,33.79999923706055,34.189998626708984,33.84000015258789,2404600.0,32.152435302734375
2015-01-12,34.31999969482422,33.33000183105469,33.81999969482422,33.810001373291016,3949400.0,32.12393569946289
2015-01-13,34.540000915527344,33.349998474121094,34.040000915527344,33.560001373291016,5092300.0,31.886402130126953
2015-01-14,33.560001373291016,32.93000030517578,33.310001373291016,33.29999923706055,3863600.0,31.639362335205078
2015-01-15,33.58000183105469,32.880001068115234,33.290000915527344,33.119998931884766,1865800.0,31.46834945678711
2015-01-16,33.689998626708984,33.029998779296875,33.209999084472656,33.59000015258789,3170900.0,31.91490364074707
2015-01-20,33.79999923706055,32.68000030517578,33.650001525878906,32.779998779296875,3552500.0,31.145292282104492
2015-01-21,32.849998474121094,32.40999984741211,32.720001220703125,32.650001525878906,3485400.0,31.021780014038086
2015-01-22,33.4900016784668,32.68000030517578,32.869998931884766,33.38999938964844,3847400.0,31.724878311157227
2015-01-23,33.68000030517578,32.88999938964844,33.56999969482422,33.2400016784668,2082400.0,31.582361221313477
2015-01-26,33.439998626708984,32.88999938964844,33.0099983215332,33.41999816894531,1246900.0,31.753379821777344
2015-01-27,33.33000183105469,32.880001068115234,33.08000183105469,32.9900016784668,1735800.0,31.344831466674805
2015-01-28,33.150001525878906,32.29999923706055,32.93000030517578,32.349998474121094,2270900.0,30.736740112304688
2015-01-29,32.75,31.950000762939453,32.290000915527344,32.56999969482422,2281600.0,30.94576644897461
2015-01-30,32.38999938964844,31.760000228881836,32.36000061035156,31.850000381469727,2344100.0,30.261672973632812
2015-02-02,32.52000045776367,31.530000686645508,31.889999389648438,32.459999084472656,2337000.0,30.84125328063965
2015-02-03,34.0099983215332,32.5,34.0099983215332,33.33000183105469,2628900.0,31.667875289916992
2015-02-04,33.810001373291016,32.939998626708984,33.33000183105469,33.43000030517578,4192700.0,31.762874603271484
2015-02-05,32.130001068115234,31.5,31.770000457763672,31.780000686645508,9934400.0,30.19516944885254
2015-02-06,32.83000183105469,31.739999771118164,31.950000762939453,32.56999969482422,5305900.0,30.94576644897461
2015-02-09,33.18000030517578,32.31999969482422,32.560001373291016,33.0,4133500.0,31.354326248168945
2015-02-10,33.45000076293945,32.849998474121094,33.15999984741211,33.2599983215332,4622300.0,31.60135841369629
2015-02-11,33.58000183105469,33.0099983215332,33.099998474121094,33.56999969482422,7070400.0,31.89590072631836
2015-02-12,33.7599983215332,33.15999984741211,33.65999984741211,33.31999969482422,2616900.0,31.658367156982422
2015-02-13,33.86000061035156,33.29999923706055,33.7400016784668,33.65999984741211,3241300.0,31.981414794921875
2015-02-17,34.0,33.439998626708984,33.650001525878906,34.0,2375800.0,32.3044548034668
2015-02-18,34.38999938964844,33.529998779296875,34.2400016784668,33.619998931884766,2446800.0,31.943401336669922
2015-02-19,33.88999938964844,33.4900016784668,33.75,33.849998474121094,1546600.0,32.16193771362305
2015-02-20,34.279998779296875,33.630001068115234,33.95000076293945,34.279998779296875,1493000.0,32.57048797607422
2015-02-23,34.45000076293945,34.0099983215332,34.33000183105469,34.400001525878906,2049800.0,32.68450927734375
2015-02-24,34.56999969482422,34.060001373291016,34.16999816894531,34.060001373291016,2154000.0,32.36146926879883
2015-02-25,34.349998474121094,33.880001068115234,34.13999938964844,33.959999084472656,1966100.0,32.26645278930664
2015-02-26,33.88999938964844,33.540000915527344,33.75,33.79999923706055,1964000.0,32.11442947387695
2015-02-27,34.13999938964844,33.619998931884766,33.97999954223633,34.040000915527344,2244900.0,32.34246826171875
2015-03-02,34.31999969482422,33.72999954223633,33.72999954223633,34.2599983215332,2398100.0,32.55148696899414
2015-03-03,34.650001525878906,34.02000045776367,34.02000045776367,34.630001068115234,1462800.0,32.903045654296875
2015-03-04,34.70000076293945,33.779998779296875,34.70000076293945,34.06999969482422,1946900.0,32.370967864990234
2015-03-05,34.29999923706055,33.95000076293945,34.2400016784668,34.029998779296875,2436100.0,32.33296585083008
2015-03-06,34.08000183105469,33.47999954223633,34.02000045776367,33.599998474121094,2874800.0,31.924402236938477
2015-03-09,33.77000045776367,33.41999816894531,33.470001220703125,33.650001525878906,2715000.0,32.11528778076172
2015-03-10,33.5,33.029998779296875,33.45000076293945,33.220001220703125,4521600.0,31.70489501953125
2015-03-11,33.290000915527344,32.869998931884766,33.20000076293945,33.16999816894531,3712100.0,31.657169342041016
2015-03-12,33.52000045776367,33.0099983215332,33.38999938964844,33.47999954223633,3889800.0,31.95303726196289
2015-03-13,33.47999954223633,32.61000061035156,33.220001220703125,32.97999954223633,3293900.0,31.475839614868164
2015-03-16,33.560001373291016,33.029998779296875,33.029998779296875,33.31999969482422,1834400.0,31.800334930419922
2015-03-17,33.279998779296875,32.849998474121094,33.279998779296875,32.97999954223633,1946800.0,31.475839614868164
2015-03-18,33.93000030517578,32.88999938964844,32.97999954223633,33.869998931884766,2248400.0,32.32524490356445
2015-03-19,34.040000915527344,33.52000045776367,33.880001068115234,33.58000183105469,1563700.0,32.04847717285156
2015-03-20,34.47999954223633,33.540000915527344,33.93000030517578,34.400001525878906,3355000.0,32.83108139038086
2015-03-23,34.810001373291016,34.34000015258789,34.34000015258789,34.650001525878906,1844700.0,33.06967544555664
2015-03-24,34.66999816894531,34.099998474121094,34.599998474121094,34.119998931884766,1552900.0,32.56385040283203
2015-03-25,34.18000030517578,33.22999954223633,34.08000183105469,33.2599983215332,1803200.0,31.743070602416992
2015-03-26,33.34000015258789,32.790000915527344,33.34000015258789,33.0099983215332,1773600.0,31.504474639892578
2015-03-27,33.20000076293945,32.720001220703125,32.939998626708984,32.7400016784668,1342500.0,31.24678611755371
2015-03-30,33.47999954223633,32.81999969482422,32.81999969482422,33.150001525878906,3450000.0,31.638086318969727
2015-03-31,33.45000076293945,32.83000183105469,33.130001068115234,32.880001068115234,2534600.0,31.38040542602539
2015-04-01,33.13999938964844,32.310001373291016,32.900001525878906,32.70000076293945,3920800.0,31.208608627319336
2015-04-02,33.31999969482422,32.619998931884766,32.880001068115234,33.2400016784668,2717800.0,31.723987579345703
2015-04-06,33.650001525878906,32.91999816894531,33.04999923706055,33.47999954223633,1752200.0,31.95303726196289
2015-04-07,33.630001068115234,33.20000076293945,33.540000915527344,33.290000915527344,2293300.0,31.771705627441406
2015-04-08,33.52000045776367,32.970001220703125,33.290000915527344,33.22999954223633,2415000.0,31.714439392089844
2015-04-09,33.54999923706055,33.029998779296875,33.33000183105469,33.439998626708984,1628000.0,31.914857864379883
2015-04-10,33.560001373291016,33.20000076293945,33.54999923706055,33.369998931884766,1867800.0,31.848058700561523
2015-04-13,33.5099983215332,33.13999938964844,33.5099983215332,33.16999816894531,2915400.0,31.657169342041016
2015-04-14,33.400001525878906,32.880001068115234,32.880001068115234,33.130001068115234,2588000.0,31.619001388549805
2015-04-15,33.47999954223633,33.060001373291016,33.150001525878906,33.18000030517578,1635100.0,31.66672134399414
2015-04-16,33.33000183105469,33.060001373291016,33.150001525878906,33.18000030517578,1290800.0,31.66672134399414
2015-04-17,32.880001068115234,32.459999084472656,32.7599983215332,32.619998931884766,3477100.0,31.13225746154785
2015-04-20,33.33000183105469,32.790000915527344,32.790000915527344,33.119998931884766,1412400.0,31.60945701599121
2015-04-21,33.40999984741211,33.040000915527344,33.209999084472656,33.130001068115234,1944100.0,31.619001388549805
2015-04-22,33.41999816894531,32.91999816894531,33.130001068115234,33.310001373291016,2457500.0,31.790790557861328
2015-04-23,33.84000015258789,33.16999816894531,33.18000030517578,33.650001525878906,4522300.0,32.11528778076172
2015-04-24,33.959999084472656,33.34000015258789,33.66999816894531,33.959999084472656,2332000.0,32.41114807128906
2015-04-27,34.27000045776367,33.65999984741211,34.0099983215332,33.810001373291016,2939000.0,32.26798629760742
2015-04-28,33.9900016784668,33.59000015258789,33.7400016784668,33.790000915527344,2090900.0,32.24889373779297
2015-04-29,34.310001373291016,33.529998779296875,33.529998779296875,33.779998779296875,2806600.0,32.23935317993164
2015-04-30,33.869998931884766,33.13999938964844,33.599998474121094,33.349998474121094,2327200.0,31.82896614074707
2015-05-01,33.83000183105469,33.290000915527344,33.31999969482422,33.650001525878906,2730500.0,32.11528778076172
2015-05-04,33.779998779296875,33.45000076293945,33.72999954223633,33.58000183105469,2173300.0,32.04847717285156
2015-05-05,33.70000076293945,33.18000030517578,33.470001220703125,33.20000076293945,2708000.0,31.685808181762695
2015-05-06,33.29999923706055,32.790000915527344,33.220001220703125,33.029998779296875,3312400.0,31.5235595703125
2015-05-07,33.939998626708984,31.809999465942383,32.7400016784668,32.34000015258789,20267700.0,30.86503028869629
2015-05-08,32.7599983215332,32.41999816894531,32.59000015258789,32.439998626708984,10428200.0,30.960464477539062
2015-05-11,32.709999084472656,32.43000030517578,32.45000076293945,32.5099983215332,7327100.0,31.027273178100586
2015-05-12,32.59000015258789,32.130001068115234,32.459999084472656,32.369998931884766,9369900.0,30.893661499023438
2015-05-13,32.75,32.349998474121094,32.40999984741211,32.650001525878906,2972900.0,31.160892486572266
2015-05-14,33.08000183105469,32.83000183105469,32.970001220703125,33.060001373291016,2797900.0,31.55219268798828
2015-05-15,33.63999938964844,33.150001525878906,33.220001220703125,33.630001068115234,1959200.0,32.09619903564453
2015-05-18,33.970001220703125,33.470001220703125,33.630001068115234,33.47999954223633,2552800.0,31.95303726196289
2015-05-19,34.22999954223633,33.7599983215332,33.97999954223633,34.18000030517578,4462200.0,32.62111282348633
2015-05-20,34.369998931884766,33.9900016784668,34.16999816894531,34.220001220703125,2615400.0,32.65928649902344
2015-05-21,34.560001373291016,34.06999969482422,34.130001068115234,34.43000030517578,2292700.0,32.859710693359375
2015-05-22,34.41999816894531,33.970001220703125,34.34000015258789,34.11000061035156,2156800.0,32.55430221557617
2015-05-26,34.119998931884766,33.540000915527344,33.959999084472656,33.79999923706055,2523900.0,32.25844192504883
2015-05-27,34.06999969482422,33.70000076293945,33.779998779296875,34.0099983215332,2903200.0,32.45886993408203
2015-05-28,33.939998626708984,33.529998779296875,33.939998626708984,33.77000045776367,2986500.0,32.22980880737305
2015-05-29,33.83000183105469,33.290000915527344,33.83000183105469,33.439998626708984,3140000.0,31.914857864379883
2015-06-01,33.70000076293945,33.220001220703125,33.619998931884766,33.459999084472656,3474200.0,31.933948516845703
2015-06-02,33.70000076293945,33.27000045776367,33.36000061035156,33.349998474121094,2485900.0,31.82896614074707
2015-06-03,33.70000076293945,33.2599983215332,33.529998779296875,33.56999969482422,2926200.0,32.03893280029297
2015-06-04,33.650001525878906,33.119998931884766,33.209999084472656,33.5099983215332,2582400.0,31.981664657592773
2015-06-05,33.540000915527344,32.939998626708984,33.41999816894531,33.11000061035156,3164800.0,31.599916458129883
2015-06-08,33.15999984741211,32.849998474121094,33.150001525878906,33.0,2172700.0,31.494930267333984
2015-06-09,33.08000183105469,32.61000061035156,33.060001373291016,32.720001220703125,3088300.0,31.227699279785156
2015-06-10,33.150001525878906,32.72999954223633,32.91999816894531,32.849998474121094,2150200.0,31.35176658630371
2015-06-11,33.08000183105469,32.470001220703125,32.880001068115234,32.81999969482422,5369300.0,31.323137283325195
2015-06-12,32.7400016784668,32.47999954223633,32.65999984741211,32.59000015258789,2601700.0,31.10362434387207
2015-06-15,32.40999984741211,32.08000183105469,32.27000045776367,32.2599983215332,12818600.0,30.788677215576172
2015-06-16,32.41999816894531,32.04999923706055,32.369998931884766,32.16999816894531,3871100.0,30.70277976989746
2015-06-17,32.59000015258789,32.08000183105469,32.18000030517578,32.4900016784668,3402900.0,31.00818634033203
2015-06-18,32.88999938964844,32.470001220703125,32.56999969482422,32.790000915527344,2946500.0,31.294506072998047
2015-06-19,33.06999969482422,32.599998474121094,32.849998474121094,32.720001220703125,3053500.0,31.227699279785156
2015-06-22,33.220001220703125,32.849998474121094,32.849998474121094,32.9900016784668,2474500.0,31.485389709472656
2015-06-23,33.150001525878906,32.900001525878906,33.0,33.060001373291016,3223700.0,31.55219268798828
2015-06-24,33.0,32.5099983215332,32.939998626708984,32.52000045776367,3005200.0,31.036819458007812
2015-06-25,32.79999923706055,32.4900016784668,32.59000015258789,32.61000061035156,2852000.0,31.12271499633789
2015-06-26,32.970001220703125,32.59000015258789,32.66999816894531,32.79999923706055,24778000.0,31.304046630859375
2015-06-29,32.599998474121094,31.770000457763672,32.45000076293945,31.8799991607666,4466000.0,30.426008224487305
2015-06-30,32.43000030517578,31.8700008392334,32.09000015258789,32.220001220703125,4503100.0,30.750505447387695
2015-07-01,32.720001220703125,32.400001525878906,32.47999954223633,32.459999084472656,3107900.0,30.979555130004883
2015-07-02,32.689998626708984,32.11000061035156,32.5099983215332,32.220001220703125,2550400.0,30.750505447387695
2015-07-06,32.41999816894531,31.90999984741211,31.90999984741211,32.2400016784668,3363400.0,30.769594192504883
2015-07-07,32.5099983215332,31.670000076293945,32.290000915527344,32.470001220703125,2672300.0,30.989107131958008
2015-07-08,32.41999816894531,31.700000762939453,32.25,31.799999237060547,3185500.0,30.34965705871582
2015-07-09,32.310001373291016,31.940000534057617,32.16999816894531,31.940000534057617,2128700.0,30.483274459838867
2015-07-10,32.72999954223633,32.22999954223633,32.279998779296875,32.540000915527344,1557800.0,31.055908203125
2015-07-13,33.150001525878906,32.599998474121094,32.75,33.11000061035156,9273100.0,31.599916458129883
2015-07-14,33.2400016784668,33.02000045776367,33.150001525878906,33.119998931884766,1444000.0,31.60945701599121
2015-07-15,33.33000183105469,32.95000076293945,33.04999923706055,33.18000030517578,2501400.0,31.66672134399414
2015-07-16,33.54999923706055,33.34000015258789,33.4900016784668,33.470001220703125,2060400.0,31.943492889404297
2015-07-17,33.470001220703125,32.7400016784668,33.470001220703125,33.20000076293945,2755600.0,31.685808181762695
2015-07-20,33.25,32.41999816894531,32.41999816894531,33.13999938964844,2092900.0,31.628541946411133
2015-07-21,33.189998626708984,32.7400016784668,33.150001525878906,32.75,2509200.0,31.256328582763672
2015-07-22,33.220001220703125,32.720001220703125,33.220001220703125,32.95000076293945,1669600.0,31.447208404541016
2015-07-23,32.88999938964844,32.36000061035156,32.88999938964844,32.47999954223633,1647500.0,30.99864387512207
2015-07-24,32.95000076293945,32.470001220703125,32.529998779296875,32.83000183105469,2194500.0,31.332679748535156
2015-07-27,32.959999084472656,32.220001220703125,32.70000076293945,32.290000915527344,2446300.0,30.817312240600586
2015-07-28,32.790000915527344,32.189998626708984,32.2599983215332,32.720001220703125,3154800.0,31.227699279785156
2015-07-29,33.119998931884766,32.61000061035156,32.65999984741211,32.9900016784668,2635900.0,31.485389709472656
2015-07-30,33.380001068115234,32.72999954223633,32.869998931884766,33.060001373291016,2168600.0,31.55219268798828
2015-07-31,33.65999984741211,33.150001525878906,33.25,33.52000045776367,3601600.0,31.991212844848633
2015-08-03,33.540000915527344,33.150001525878906,33.400001525878906,33.369998931884766,2936800.0,31.848058700561523
2015-08-04,33.650001525878906,33.2400016784668,33.2400016784668,33.400001525878906,2420400.0,31.876689910888672
2015-08-05,33.0,30.889999389648438,33.0,31.15999984741211,6837100.0,29.738847732543945
2015-08-06,29.639999389648438,27.15999984741211,29.450000762939453,29.059999465942383,20708000.0,27.73462677001953
2015-08-07,30.40999984741211,28.75,28.760000228881836,30.3799991607666,6312200.0,28.994421005249023
2015-08-10,30.6299991607666,29.8700008392334,30.510000228881836,30.139999389648438,6186600.0,28.765365600585938
2015-08-11,30.09000015258789,29.459999084472656,29.93000030517578,29.729999542236328,5051900.0,28.374067306518555
2015-08-12,29.81999969482422,29.31999969482422,29.600000381469727,29.479999542236328,5081400.0,28.135467529296875
2015-08-13,29.65999984741211,29.239999771118164,29.3799991607666,29.639999389648438,4858200.0,28.288171768188477
2015-08-14,29.90999984741211,29.40999984741211,29.5,29.90999984741211,3445800.0,28.54585838317871
2015-08-17,30.209999084472656,29.43000030517578,29.65999984741211,30.149999618530273,2983100.0,28.774911880493164
2015-08-18,30.350000381469727,29.770000457763672,29.93000030517578,30.049999237060547,7108200.0,28.679473876953125
2015-08-19,29.969999313354492,29.729999542236328,29.75,29.809999465942383,5622300.0,28.450420379638672
2015-08-20,29.639999389648438,28.649999618530273,29.600000381469727,28.68000030517578,5488500.0,27.371957778930664
2015-08-21,28.5,27.90999984741211,28.280000686645508,27.920000076293945,8100600.0,26.646617889404297
2015-08-24,27.489999771118164,22.850000381469727,25.6299991607666,26.850000381469727,8700700.0,25.625417709350586
2015-08-25,27.520000457763672,26.8799991607666,27.510000228881836,26.899999618530273,7898900.0,25.673141479492188
2015-08-26,27.549999237060547,26.75,27.31999969482422,27.489999771118164,10571800.0,26.236230850219727
2015-08-27,28.350000381469727,27.350000381469727,27.6299991607666,27.93000030517578,8572100.0,26.656164169311523
2015-08-28,28.229999542236328,27.549999237060547,27.940000534057617,28.079999923706055,3793000.0,26.799320220947266
2015-08-31,28.020000457763672,27.530000686645508,28.020000457763672,27.65999984741211,6288000.0,26.398475646972656
2015-09-01,27.280000686645508,26.59000015258789,27.049999237060547,26.770000457763672,7154300.0,25.549068450927734
2015-09-02,27.18000030517578,26.610000610351562,27.040000915527344,27.170000076293945,4588600.0,25.93082618713379
2015-09-03,27.6200008392334,27.079999923706055,27.25,27.190000534057617,4816800.0,25.949914932250977
2015-09-04,27.110000610351562,26.610000610351562,26.84000015258789,26.920000076293945,5437800.0,25.83475112915039
2015-09-08,27.68000030517578,27.229999542236328,27.34000015258789,27.6299991607666,6661400.0,26.51612663269043
2015-09-09,27.969999313354492,26.920000076293945,27.860000610351562,26.989999771118164,5615000.0,25.901927947998047
2015-09-10,27.270000457763672,26.670000076293945,26.670000076293945,27.020000457763672,4693500.0,25.93071746826172
2015-09-11,27.0,26.469999313354492,26.969999313354492,26.899999618530273,3111000.0,25.8155574798584
2015-09-14,26.969999313354492,26.510000228881836,26.899999618530273,26.670000076293945,3791200.0,25.59482765197754
2015-09-15,26.90999984741211,26.540000915527344,26.700000762939453,26.8799991607666,4228800.0,25.79636001586914
2015-09-16,27.1299991607666,26.770000457763672,26.799999237060547,27.06999969482422,4082900.0,25.978702545166016
2015-09-17,27.450000762939453,26.93000030517578,27.170000076293945,27.049999237060547,7719200.0,25.959510803222656
2015-09-18,27.1299991607666,26.43000030517578,26.84000015258789,26.43000030517578,66850400.0,25.364503860473633
2015-09-21,26.850000381469727,26.479999542236328,26.6299991607666,26.600000381469727,16905900.0,25.527650833129883
2015-09-22,26.610000610351562,26.110000610351562,26.329999923706055,26.579999923706055,5712500.0,25.50845718383789
2015-09-23,26.690000534057617,26.420000076293945,26.530000686645508,26.520000457763672,3967700.0,25.45087432861328
2015-09-24,26.43000030517578,26.030000686645508,26.25,26.219999313354492,4796700.0,25.162967681884766
2015-09-25,26.459999084472656,25.81999969482422,26.459999084472656,25.979999542236328,5925600.0,24.93264389038086
2015-09-28,26.040000915527344,25.3700008392334,25.989999771118164,25.40999984741211,4739100.0,24.385622024536133
2015-09-29,26.020000457763672,25.40999984741211,25.510000228881836,25.8799991607666,7181600.0,24.836673736572266
2015-09-30,27.18000030517578,25.979999542236328,26.010000228881836,27.06999969482422,7165900.0,25.978702545166016
2015-10-01,27.5,27.020000457763672,27.18000030517578,27.489999771118164,5562200.0,26.381771087646484
2015-10-02,28.309999465942383,26.84000015258789,27.229999542236328,28.299999237060547,6869600.0,27.159114837646484
2015-10-05,28.860000610351562,28.420000076293945,28.520000457763672,28.700000762939453,4196900.0,27.54298973083496
2015-10-06,28.760000228881836,28.420000076293945,28.56999969482422,28.450000762939453,4808500.0,27.303071975708008
2015-10-07,28.770000457763672,28.239999771118164,28.540000915527344,28.510000228881836,5798900.0,27.36064910888672
2015-10-08,28.940000534057617,28.239999771118164,28.469999313354492,28.899999618530273,3814700.0,27.734928131103516
2015-10-09,29.209999084472656,28.59000015258789,28.93000030517578,28.899999618530273,3278100.0,27.734928131103516
2015-10-12,28.920000076293945,28.6299991607666,28.889999389648438,28.84000015258789,2016600.0,27.67734718322754
2015-10-13,29.149999618530273,28.610000610351562,28.84000015258789,28.959999084472656,2671600.0,27.792509078979492
2015-10-14,29.030000686645508,28.690000534057617,28.899999618530273,28.729999542236328,2367000.0,27.5717830657959
2015-10-15,29.459999084472656,28.649999618530273,28.84000015258789,29.440000534057617,2807200.0,28.253156661987305
2015-10-16,29.68000030517578,29.15999984741211,29.610000610351562,29.65999984741211,2451800.0,28.46428871154785
2015-10-19,29.670000076293945,29.399999618530273,29.6299991607666,29.670000076293945,4579400.0,28.473888397216797
2015-10-20,29.920000076293945,29.56999969482422,29.56999969482422,29.829999923706055,2708100.0,28.6274356842041
2015-10-21,30.040000915527344,29.5,29.850000381469727,29.540000915527344,2640100.0,28.34912872314453
2015-10-22,30.15999984741211,29.649999618530273,29.649999618530273,30.09000015258789,4789700.0,28.876955032348633
2015-10-23,30.559999465942383,30.079999923706055,30.34000015258789,30.420000076293945,4258000.0,29.193649291992188
2015-10-26,30.59000015258789,30.15999984741211,30.40999984741211,30.579999923706055,3586600.0,29.347200393676758
2015-10-27,30.530000686645508,30.030000686645508,30.450000762939453,30.280000686645508,2851100.0,29.059297561645508
2015-10-28,30.479999542236328,29.959999084472656,30.15999984741211,30.40999984741211,5000800.0,29.184057235717773
2015-10-29,30.899999618530273,30.290000915527344,30.290000915527344,30.649999618530273,4138900.0,29.414379119873047
2015-10-30,30.950000762939453,30.459999084472656,30.700000762939453,30.8799991607666,4635500.0,29.63510513305664
2015-11-02,31.200000762939453,30.809999465942383,31.09000015258789,31.110000610351562,3684800.0,29.855836868286133
2015-11-03,31.579999923706055,31.110000610351562,31.110000610351562,31.5,3481900.0,30.230113983154297
2015-11-04,31.350000381469727,28.459999084472656,31.270000457763672,29.899999618530273,10568600.0,28.694612503051758
2015-11-05,29.940000534057617,29.479999542236328,29.809999465942383,29.8799991607666,4856700.0,28.675418853759766
2015-11-06,30.139999389648438,29.739999771118164,29.8799991607666,30.079999923706055,2684000.0,28.867355346679688
2015-11-09,30.020000457763672,29.399999618530273,30.0,29.700000762939453,5842200.0,28.502676010131836
2015-11-10,30.34000015258789,29.600000381469727,29.719999313354492,30.329999923706055,3121100.0,29.107280731201172
2015-11-11,30.510000228881836,30.040000915527344,30.450000762939453,30.34000015258789,3616100.0,29.11687660217285
2015-11-12,30.579999923706055,30.09000015258789,30.239999771118164,30.360000610351562,3347600.0,29.136070251464844
2015-11-13,30.3799991607666,29.850000381469727,30.190000534057617,30.020000457763672,3810000.0,28.809778213500977
2015-11-16,30.65999984741211,30.030000686645508,30.09000015258789,30.610000610351562,3942300.0,29.37598991394043
2015-11-17,30.6200008392334,30.209999084472656,30.610000610351562,30.43000030517578,4624400.0,29.2032470703125
2015-11-18,30.670000076293945,30.059999465942383,30.420000076293945,30.6299991607666,4262800.0,29.395185470581055
2015-11-19,30.670000076293945,30.170000076293945,30.670000076293945,30.31999969482422,3060300.0,29.097681045532227
2015-11-20,30.59000015258789,30.209999084472656,30.540000915527344,30.540000915527344,4345700.0,29.308813095092773
2015-11-23,30.649999618530273,30.25,30.540000915527344,30.3799991607666,3107300.0,29.155261993408203
2015-11-24,30.280000686645508,29.940000534057617,30.280000686645508,30.25,3645300.0,29.030502319335938
2015-11-25,30.399999618530273,30.049999237060547,30.229999542236328,30.31999969482422,2138700.0,29.097681045532227
2015-11-27,30.239999771118164,29.68000030517578,30.209999084472656,29.899999618530273,2083200.0,28.694612503051758
2015-11-30,30.1200008392334,29.68000030517578,29.90999984741211,29.950000762939453,5326900.0,28.742599487304688
2015-12-01,30.280000686645508,29.93000030517578,29.93000030517578,30.260000228881836,3485600.0,29.04010009765625
2015-12-02,30.280000686645508,29.850000381469727,30.280000686645508,29.950000762939453,4076400.0,28.742599487304688
2015-12-03,30.079999923706055,29.40999984741211,29.8799991607666,29.709999084472656,4653700.0,28.51227378845215
2015-12-04,30.170000076293945,29.610000610351562,29.889999389648438,30.0,6165900.0,28.79058074951172
2015-12-07,30.09000015258789,29.709999084472656,29.940000534057617,30.030000686645508,3789100.0,28.819372177124023
2015-12-08,29.959999084472656,29.350000381469727,29.829999923706055,29.5,2655500.0,28.310741424560547
2015-12-09,29.440000534057617,28.68000030517578,29.440000534057617,28.969999313354492,4272100.0,27.802106857299805
2015-12-10,29.290000915527344,28.84000015258789,28.979999542236328,29.049999237060547,4183800.0,27.87887954711914
2015-12-11,28.760000228881836,28.1200008392334,28.549999237060547,28.15999984741211,4286700.0,27.02475929260254
2015-12-14,28.5,27.829999923706055,28.280000686645508,28.0,4877700.0,26.8712100982666
2015-12-15,28.68000030517578,28.079999923706055,28.229999542236328,28.100000381469727,3509900.0,26.967180252075195
2015-12-16,28.559999465942383,28.0,28.3700008392334,28.5,5042600.0,27.351055145263672
2015-12-17,28.670000076293945,28.170000076293945,28.520000457763672,28.229999542236328,4687300.0,27.091938018798828
2015-12-18,28.239999771118164,27.6299991607666,28.049999237060547,27.829999923706055,6770800.0,26.708065032958984
2015-12-21,28.149999618530273,27.450000762939453,27.950000762939453,27.59000015258789,4308300.0,26.477739334106445
2015-12-22,28.100000381469727,27.549999237060547,28.100000381469727,27.600000381469727,5110200.0,26.487335205078125
2015-12-23,27.84000015258789,27.469999313354492,27.719999313354492,27.600000381469727,3284500.0,26.487335205078125
2015-12-24,27.770000457763672,27.459999084472656,27.600000381469727,27.540000915527344,2382400.0,26.429758071899414
2015-12-28,27.670000076293945,27.309999465942383,27.469999313354492,27.450000762939453,3231200.0,26.3433837890625
2015-12-29,27.920000076293945,27.540000915527344,27.59000015258789,27.600000381469727,3125000.0,26.487335205078125
2015-12-30,27.690000534057617,27.239999771118164,27.5,27.350000381469727,4511900.0,26.247413635253906
2015-12-31,27.469999313354492,27.06999969482422,27.25,27.229999542236328,3245000.0,26.132253646850586
2016-01-04,26.81999969482422,26.360000610351562,26.59000015258789,26.610000610351562,5846400.0,25.537248611450195
2016-01-05,26.75,26.440000534057617,26.559999465942383,26.600000381469727,4247400.0,25.527650833129883
2016-01-06,26.799999237060547,26.149999618530273,26.309999465942383,26.5,15831400.0,25.43168067932129
2016-01-07,26.5,25.8700008392334,26.110000610351562,25.920000076293945,4488200.0,24.87506103515625
2016-01-08,26.31999969482422,25.860000610351562,26.059999465942383,25.93000030517578,4296700.0,24.884658813476562
2016-01-11,26.170000076293945,25.709999084472656,26.09000015258789,26.0,3301600.0,24.951841354370117
2016-01-12,26.520000457763672,25.93000030517578,26.1299991607666,26.459999084472656,3834600.0,25.393293380737305
2016-01-13,26.6299991607666,25.719999313354492,26.469999313354492,25.809999465942383,4747100.0,24.769498825073242
2016-01-14,27.139999389648438,25.899999618530273,25.979999542236328,26.780000686645508,10377300.0,25.700393676757812
2016-01-15,26.549999237060547,25.8799991607666,26.170000076293945,26.170000076293945,4985200.0,25.11498260498047
2016-01-19,26.81999969482422,26.139999389648438,26.43000030517578,26.579999923706055,4587700.0,25.50845718383789
2016-01-20,26.360000610351562,25.030000686645508,26.149999618530273,25.75,6915400.0,24.7119140625
2016-01-21,26.040000915527344,25.489999771118164,25.81999969482422,25.6200008392334,4659300.0,24.587156295776367
2016-01-22,26.469999313354492,26.020000457763672,26.049999237060547,26.40999984741211,3399100.0,25.34531021118164
2016-01-25,26.309999465942383,25.969999313354492,26.239999771118164,26.0,3929500.0,24.951841354370117
2016-01-26,26.979999542236328,26.079999923706055,26.079999923706055,26.959999084472656,3270700.0,25.87313461303711
2016-01-27,27.290000915527344,26.459999084472656,26.93000030517578,26.579999923706055,4052800.0,25.50845718383789
2016-01-28,26.829999923706055,26.020000457763672,26.75,26.229999542236328,3207400.0,25.172565460205078
2016-01-29,27.15999984741211,26.399999618530273,26.399999618530273,27.100000381469727,3363800.0,26.007492065429688
2016-02-01,27.229999542236328,26.510000228881836,26.81999969482422,27.110000610351562,2829600.0,26.01708984375
2016-02-02,26.780000686645508,25.979999542236328,26.729999542236328,26.059999465942383,3356200.0,25.009418487548828
2016-02-03,26.610000610351562,25.84000015258789,26.18000030517578,26.5,6538700.0,25.43168067932129
2016-02-04,26.989999771118164,26.149999618530273,26.549999237060547,26.229999542236328,3769500.0,25.172565460205078
2016-02-05,26.229999542236328,25.010000228881836,26.100000381469727,25.040000915527344,4782300.0,24.030542373657227
2016-02-08,24.790000915527344,24.09000015258789,24.719999313354492,24.540000915527344,5985000.0,23.550695419311523
2016-02-09,24.520000457763672,22.649999618530273,23.209999084472656,24.209999084472656,10076900.0,23.23400115966797
2016-02-10,25.079999923706055,23.510000228881836,24.1200008392334,24.459999084472656,5274500.0,23.473920822143555
2016-02-11,24.889999389648438,23.950000762939453,24.010000228881836,24.709999084472656,4739700.0,23.713844299316406
2016-02-12,25.079999923706055,24.270000457763672,25.079999923706055,24.670000076293945,2542100.0,23.67545509338379
2016-02-16,25.649999618530273,24.959999084472656,25.1299991607666,25.6299991607666,3855400.0,24.59675407409668
2016-02-17,26.649999618530273,25.75,25.799999237060547,26.469999313354492,4474700.0,25.402891159057617
2016-02-18,26.520000457763672,25.989999771118164,26.34000015258789,26.420000076293945,3231400.0,25.35490608215332
2016-02-19,26.799999237060547,26.079999923706055,26.229999542236328,26.690000534057617,3077300.0,25.614023208618164
2016-02-22,27.6200008392334,26.940000534057617,27.0,27.309999465942383,4613800.0,26.209026336669922
2016-02-23,27.420000076293945,26.639999389648438,26.719999313354492,27.020000457763672,2930100.0,25.93071746826172
2016-02-24,27.3799991607666,26.489999771118164,26.56999969482422,27.329999923706055,2006600.0,26.228221893310547
2016-02-25,27.56999969482422,26.90999984741211,27.469999313354492,27.3799991607666,1777600.0,26.27620506286621
2016-02-26,27.559999465942383,27.200000762939453,27.520000457763672,27.200000762939453,1891500.0,26.10346221923828
2016-02-29,27.389999389648438,27.06999969482422,27.170000076293945,27.15999984741211,2566300.0,26.065073013305664
2016-03-01,28.059999465942383,27.309999465942383,27.43000030517578,28.030000686645508,3029100.0,26.900001525878906
2016-03-02,28.079999923706055,27.520000457763672,27.90999984741211,27.68000030517578,2087300.0,26.56411361694336
2016-03-03,28.010000228881836,27.34000015258789,27.65999984741211,28.0,1732400.0,26.8712100982666
2016-03-04,28.09000015258789,27.479999542236328,28.09000015258789,27.989999771118164,3119700.0,26.861616134643555
2016-03-07,28.280000686645508,27.6200008392334,27.6200008392334,28.1299991607666,2034300.0,27.141422271728516
2016-03-08,28.1200008392334,27.670000076293945,27.940000534057617,27.829999923706055,3662800.0,26.851964950561523
2016-03-09,28.190000534057617,27.850000381469727,27.93000030517578,28.079999923706055,2397100.0,27.093177795410156
2016-03-10,28.219999313354492,27.719999313354492,28.219999313354492,27.979999542236328,3144100.0,26.996692657470703
2016-03-11,28.420000076293945,28.059999465942383,28.299999237060547,28.190000534057617,3444400.0,27.199316024780273
2016-03-14,28.260000228881836,27.940000534057617,28.139999389648438,28.139999389648438,2959100.0,27.15106964111328
2016-03-15,28.139999389648438,27.899999618530273,27.920000076293945,28.1200008392334,1976700.0,27.13177490234375
2016-03-16,28.579999923706055,27.8700008392334,28.010000228881836,28.209999084472656,7187900.0,27.218608856201172
2016-03-17,28.6299991607666,28.030000686645508,28.030000686645508,28.209999084472656,5257900.0,27.218608856201172
2016-03-18,28.350000381469727,27.90999984741211,28.209999084472656,28.190000534057617,8075100.0,27.199316024780273
2016-03-21,28.329999923706055,27.979999542236328,28.209999084472656,28.040000915527344,1938700.0,27.054584503173828
2016-03-22,28.139999389648438,27.780000686645508,27.93000030517578,28.0,1314300.0,27.0159912109375
2016-03-23,28.079999923706055,27.81999969482422,28.020000457763672,27.989999771118164,2739200.0,27.006343841552734
2016-03-24,28.1200008392334,27.739999771118164,27.920000076293945,28.020000457763672,2888400.0,27.035287857055664
2016-03-28,28.25,27.969999313354492,28.149999618530273,27.989999771118164,3083400.0,27.006343841552734
2016-03-29,28.25,27.739999771118164,27.899999618530273,28.170000076293945,2772600.0,27.180015563964844
2016-03-30,28.399999618530273,28.1200008392334,28.299999237060547,28.200000762939453,2087700.0,27.208961486816406
2016-03-31,28.389999389648438,28.079999923706055,28.229999542236328,28.200000762939453,2843300.0,27.208961486816406
2016-04-01,29.170000076293945,27.969999313354492,28.059999465942383,29.1200008392334,3608000.0,28.09663200378418
2016-04-04,29.299999237060547,28.899999618530273,29.079999923706055,29.010000228881836,1779100.0,27.990495681762695
2016-04-05,29.0,28.649999618530273,28.799999237060547,28.799999237060547,2089800.0,27.78787612915039
2016-04-06,29.389999389648438,28.829999923706055,28.829999923706055,29.360000610351562,1971800.0,28.328195571899414
2016-04-07,29.25,28.649999618530273,29.139999389648438,28.81999969482422,2051400.0,27.807170867919922
2016-04-08,29.290000915527344,28.719999313354492,29.049999237060547,28.780000686645508,2380600.0,27.768579483032227
2016-04-11,29.100000381469727,28.670000076293945,28.969999313354492,28.68000030517578,1959300.0,27.672094345092773
2016-04-12,29.520000457763672,28.729999542236328,28.729999542236328,29.420000076293945,3971600.0,28.386089324951172
2016-04-13,30.010000228881836,29.559999465942383,29.559999465942383,29.8799991607666,4209200.0,28.829919815063477
2016-04-14,30.020000457763672,29.649999618530273,29.969999313354492,29.790000915527344,4368700.0,28.743083953857422
2016-04-15,30.030000686645508,29.639999389648438,29.920000076293945,29.84000015258789,5835200.0,28.79132652282715
2016-04-18,30.239999771118164,29.829999923706055,29.850000381469727,30.079999923706055,6209600.0,29.022890090942383
2016-04-19,30.469999313354492,29.959999084472656,30.170000076293945,30.040000915527344,4411800.0,28.98430061340332
2016-04-20,30.190000534057617,29.809999465942383,30.09000015258789,29.969999313354492,2679600.0,28.916757583618164
2016-04-21,30.3700008392334,29.959999084472656,30.0,30.09000015258789,4232900.0,29.032541275024414
2016-04-22,30.75,30.030000686645508,30.059999465942383,30.75,2580800.0,29.66934585571289
2016-04-25,30.979999542236328,30.56999969482422,30.690000534057617,30.93000030517578,2480200.0,29.843021392822266
2016-04-26,31.15999984741211,30.670000076293945,30.93000030517578,30.8700008392334,2812600.0,29.78512954711914
2016-04-27,30.959999084472656,30.440000534057617,30.860000610351562,30.780000686645508,2729200.0,29.698293685913086
2016-04-28,30.84000015258789,30.280000686645508,30.600000381469727,30.56999969482422,3622700.0,29.49567222595215
2016-04-29,30.31999969482422,29.65999984741211,30.229999542236328,30.1200008392334,4228500.0,29.061485290527344
2016-05-02,30.309999465942383,29.8700008392334,30.1200008392334,30.239999771118164,2947600.0,29.177268981933594
2016-05-03,30.09000015258789,29.649999618530273,29.959999084472656,29.690000534057617,3417100.0,28.64659881591797
2016-05-04,29.940000534057617,29.540000915527344,29.639999389648438,29.579999923706055,4065100.0,28.540464401245117
2016-05-05,29.920000076293945,28.709999084472656,29.149999618530273,29.81999969482422,5521300.0,28.77202796936035
2016-05-06,29.649999618530273,29.25,29.639999389648438,29.520000457763672,2729800.0,28.482572555541992
2016-05-09,29.780000686645508,29.25,29.59000015258789,29.399999618530273,2419400.0,28.36678695678711
2016-05-10,30.059999465942383,29.459999084472656,29.600000381469727,30.020000457763672,2982200.0,28.965003967285156
2016-05-11,29.799999237060547,29.399999618530273,29.799999237060547,29.59000015258789,2682600.0,28.55011558532715
2016-05-12,29.770000457763672,29.229999542236328,29.610000610351562,29.350000381469727,2571900.0,28.318546295166016
2016-05-13,29.530000686645508,29.1299991607666,29.25,29.239999771118164,1760200.0,28.212413787841797
2016-05-16,29.309999465942383,28.899999618530273,29.18000030517578,29.1299991607666,1735400.0,28.106277465820312
2016-05-17,29.270000457763672,28.709999084472656,29.0,28.829999923706055,2260200.0,27.81682014465332
2016-05-18,28.850000381469727,28.290000915527344,28.729999542236328,28.479999542236328,2548600.0,27.4791202545166
2016-05-19,28.489999771118164,28.030000686645508,28.440000534057617,28.25,1745700.0,27.257205963134766
2016-05-20,28.690000534057617,28.280000686645508,28.280000686645508,28.459999084472656,2152600.0,27.45982551574707
2016-05-23,28.8700008392334,28.420000076293945,28.489999771118164,28.440000534057617,2888200.0,27.44052505493164
2016-05-24,28.899999618530273,28.559999465942383,28.649999618530273,28.84000015258789,2049400.0,27.82647132873535
2016-05-25,29.290000915527344,28.850000381469727,28.90999984741211,29.200000762939453,2112700.0,28.17382049560547
2016-05-26,29.420000076293945,28.959999084472656,29.18000030517578,28.969999313354492,2388100.0,27.951904296875
2016-05-27,29.270000457763672,28.979999542236328,28.979999542236328,29.260000228881836,2357900.0,28.23171043395996
2016-05-31,29.389999389648438,29.010000228881836,29.229999542236328,29.239999771118164,2218200.0,28.212413787841797
2016-06-01,29.729999542236328,29.229999542236328,29.260000228881836,29.700000762939453,2070500.0,28.656246185302734
2016-06-02,29.8700008392334,29.549999237060547,29.56999969482422,29.860000610351562,1237200.0,28.810625076293945
2016-06-03,29.81999969482422,29.209999084472656,29.81999969482422,29.600000381469727,1529200.0,28.55976104736328
2016-06-06,29.799999237060547,29.510000228881836,29.739999771118164,29.729999542236328,1371100.0,28.68519401550293
2016-06-07,29.889999389648438,29.6299991607666,29.729999542236328,29.68000030517578,2181000.0,28.636953353881836
2016-06-08,29.719999313354492,29.469999313354492,29.610000610351562,29.690000534057617,1474300.0,28.64659881591797
2016-06-09,29.59000015258789,29.15999984741211,29.530000686645508,29.40999984741211,2133200.0,28.376440048217773
2016-06-10,29.239999771118164,28.81999969482422,29.040000915527344,28.989999771118164,2649200.0,27.9711971282959
2016-06-13,29.350000381469727,28.959999084472656,28.959999084472656,29.079999923706055,1732800.0,28.058034896850586
2016-06-14,29.110000610351562,28.690000534057617,29.0,28.979999542236328,1815600.0,27.9615478515625
2016-06-15,29.209999084472656,28.90999984741211,28.969999313354492,28.969999313354492,2627800.0,27.951904296875
2016-06-16,29.200000762939453,28.5,28.780000686645508,29.020000457763672,2636000.0,28.000144958496094
2016-06-17,28.950000762939453,28.469999313354492,28.809999465942383,28.700000762939453,4995800.0,27.691389083862305
2016-06-20,29.280000686645508,28.940000534057617,29.010000228881836,28.940000534057617,2718000.0,27.922956466674805
2016-06-21,28.989999771118164,28.549999237060547,28.950000762939453,28.59000015258789,1965300.0,27.58525848388672
2016-06-22,28.950000762939453,28.6200008392334,28.670000076293945,28.670000076293945,2347100.0,27.662445068359375
2016-06-23,29.079999923706055,28.790000915527344,28.899999618530273,28.979999542236328,3031300.0,27.9615478515625
2016-06-24,27.940000534057617,26.75,27.68000030517578,26.760000228881836,5567600.0,25.819568634033203
2016-06-27,26.579999923706055,26.149999618530273,26.579999923706055,26.260000228881836,4566400.0,25.337141036987305
2016-06-28,26.84000015258789,26.3700008392334,26.459999084472656,26.6200008392334,3272700.0,25.684490203857422
2016-06-29,27.100000381469727,26.6299991607666,26.739999771118164,27.06999969482422,3130000.0,26.11867332458496
2016-06-30,27.309999465942383,26.93000030517578,27.190000534057617,27.25,2710400.0,26.292348861694336
2016-07-01,27.600000381469727,27.149999618530273,27.239999771118164,27.510000228881836,1691300.0,26.543210983276367
2016-07-05,27.450000762939453,26.729999542236328,27.450000762939453,26.8799991607666,2367500.0,25.935348510742188
2016-07-06,27.1299991607666,26.420000076293945,26.709999084472656,27.1200008392334,2479400.0,26.166915893554688
2016-07-07,27.309999465942383,26.940000534057617,26.940000534057617,27.260000228881836,1642500.0,26.301992416381836
2016-07-08,28.010000228881836,27.459999084472656,27.520000457763672,28.0,1911800.0,27.0159912109375
2016-07-11,28.25,27.899999618530273,28.010000228881836,28.09000015258789,1163900.0,27.102827072143555
2016-07-12,28.389999389648438,28.020000457763672,28.270000457763672,28.079999923706055,1996800.0,27.093177795410156
2016-07-13,28.489999771118164,28.059999465942383,28.219999313354492,28.40999984741211,3313000.0,27.411582946777344
2016-07-14,28.809999465942383,28.520000457763672,28.719999313354492,28.6200008392334,1690900.0,27.61420249938965
2016-07-15,28.8799991607666,28.329999923706055,28.8799991607666,28.59000015258789,2495200.0,27.58525848388672
2016-07-18,28.729999542236328,28.510000228881836,28.59000015258789,28.579999923706055,1640800.0,27.575607299804688
2016-07-19,28.56999969482422,28.329999923706055,28.43000030517578,28.450000762939453,2104700.0,27.450178146362305
2016-07-20,28.479999542236328,27.6200008392334,28.440000534057617,27.799999237060547,5073900.0,26.82301902770996
2016-07-21,27.93000030517578,27.510000228881836,27.690000534057617,27.719999313354492,3394900.0,26.745830535888672
2016-07-22,27.899999618530273,27.6200008392334,27.899999618530273,27.770000457763672,2529700.0,26.79407501220703
2016-07-25,27.770000457763672,27.40999984741211,27.709999084472656,27.450000762939453,1617900.0,26.485321044921875
2016-07-26,27.600000381469727,27.200000762939453,27.5,27.399999618530273,1488000.0,26.43707847595215
2016-07-27,27.479999542236328,27.260000228881836,27.479999542236328,27.43000030517578,1783700.0,26.466020584106445
2016-07-28,27.440000534057617,27.06999969482422,27.309999465942383,27.06999969482422,3635100.0,26.11867332458496
2016-07-29,27.149999618530273,26.8799991607666,27.1299991607666,27.030000686645508,1642800.0,26.080080032348633
2016-08-01,27.299999237060547,26.850000381469727,27.059999465942383,27.139999389648438,2469900.0,26.18621253967285
2016-08-02,27.219999313354492,26.959999084472656,27.059999465942383,27.040000915527344,1662800.0,26.089731216430664
2016-08-03,27.469999313354492,26.75,27.040000915527344,27.420000076293945,2087900.0,26.45637321472168
2016-08-04,26.850000381469727,25.920000076293945,26.329999923706055,26.209999084472656,5117300.0,25.288894653320312
2016-08-05,26.600000381469727,26.280000686645508,26.43000030517578,26.440000534057617,3238900.0,25.510814666748047
2016-08-08,26.399999618530273,26.110000610351562,26.399999618530273,26.229999542236328,2769300.0,25.30819320678711
2016-08-09,26.270000457763672,25.989999771118164,26.190000534057617,26.18000030517578,3209200.0,25.259950637817383
2016-08-10,26.309999465942383,25.959999084472656,26.25,26.18000030517578,2636000.0,25.259950637817383
2016-08-11,26.68000030517578,26.200000762939453,26.31999969482422,26.639999389648438,2177700.0,25.70378303527832
2016-08-12,26.81999969482422,26.5,26.549999237060547,26.56999969482422,1742200.0,25.636245727539062
2016-08-15,26.649999618530273,26.290000915527344,26.6299991607666,26.299999237060547,1770700.0,25.375732421875
2016-08-16,26.299999237060547,26.1200008392334,26.280000686645508,26.1299991607666,2663400.0,25.21170997619629
2016-08-17,26.270000457763672,26.010000228881836,26.190000534057617,26.190000534057617,3888600.0,25.26959991455078
2016-08-18,26.229999542236328,25.75,26.229999542236328,25.81999969482422,3746600.0,24.9126033782959
2016-08-19,25.899999618530273,25.59000015258789,25.8799991607666,25.809999465942383,3069700.0,24.9029541015625
2016-08-22,25.979999542236328,25.670000076293945,25.799999237060547,25.709999084472656,2349400.0,24.80646514892578
2016-08-23,25.920000076293945,25.420000076293945,25.850000381469727,25.450000762939453,2601100.0,24.555606842041016
2016-08-24,25.56999969482422,25.260000228881836,25.479999542236328,25.34000015258789,2153400.0,24.44947052001953
2016-08-25,25.440000534057617,25.040000915527344,25.350000381469727,25.100000381469727,1622400.0,24.217905044555664
2016-08-26,25.299999237060547,24.899999618530273,25.239999771118164,25.0,2267200.0,24.121421813964844
2016-08-29,25.280000686645508,25.010000228881836,25.170000076293945,25.049999237060547,3966700.0,24.16966438293457
2016-08-30,25.200000762939453,24.850000381469727,25.200000762939453,24.850000381469727,2936200.0,23.97669219970703
2016-08-31,25.040000915527344,24.770000457763672,24.770000457763672,24.850000381469727,7977000.0,23.97669219970703
2016-09-01,24.940000534057617,24.700000762939453,24.799999237060547,24.75,3862100.0,23.880205154418945
2016-09-02,25.020000457763672,24.709999084472656,25.020000457763672,24.75,3242600.0,23.880205154418945
2016-09-06,24.809999465942383,24.299999237060547,24.809999465942383,24.709999084472656,4204900.0,23.841611862182617
2016-09-07,24.809999465942383,24.540000915527344,24.709999084472656,24.559999465942383,3882600.0,23.696884155273438
2016-09-08,25.079999923706055,24.520000457763672,24.639999389648438,25.040000915527344,9623000.0,24.160017013549805
2016-09-09,24.920000076293945,24.079999923706055,24.809999465942383,24.1200008392334,5681900.0,23.27234649658203
2016-09-12,24.809999465942383,23.90999984741211,23.920000076293945,24.65999984741211,6808400.0,23.972267150878906
2016-09-13,24.579999923706055,24.049999237060547,24.5,24.200000762939453,4672900.0,23.525094985961914
2016-09-14,24.440000534057617,24.059999465942383,24.229999542236328,24.190000534057617,4872700.0,23.51537322998047
2016-09-15,24.459999084472656,23.969999313354492,24.09000015258789,24.31999969482422,7581000.0,23.641746520996094
2016-09-16,24.31999969482422,23.8799991607666,24.15999984741211,24.280000686645508,13342600.0,23.60286521911621
2016-09-19,24.459999084472656,24.170000076293945,24.3799991607666,24.290000915527344,2653900.0,23.61258316040039
2016-09-20,24.459999084472656,24.209999084472656,24.329999923706055,24.239999771118164,5293600.0,23.56397819519043
2016-09-21,24.3799991607666,24.09000015258789,24.270000457763672,24.299999237060547,6218000.0,23.622304916381836
2016-09-22,24.81999969482422,24.3700008392334,24.450000762939453,24.739999771118164,3609000.0,24.05003547668457
2016-09-23,24.809999465942383,24.479999542236328,24.68000030517578,24.489999771118164,3154500.0,23.807004928588867
2016-09-26,24.469999313354492,24.15999984741211,24.399999618530273,24.309999465942383,2780700.0,23.63202476501465
2016-09-27,24.81999969482422,24.329999923706055,24.360000610351562,24.799999237060547,2340800.0,24.108360290527344
2016-09-28,25.049999237060547,24.75,24.780000686645508,24.889999389648438,2215300.0,24.195852279663086
2016-09-29,24.969999313354492,24.579999923706055,24.81999969482422,24.6200008392334,1678700.0,23.933382034301758
2016-09-30,24.969999313354492,24.649999618530273,24.75,24.739999771118164,3193700.0,24.05003547668457
2016-10-03,25.25,24.610000610351562,24.690000534057617,25.170000076293945,2549800.0,24.46804428100586
2016-10-04,25.440000534057617,25.010000228881836,25.1299991607666,25.149999618530273,2533500.0,24.448598861694336
2016-10-05,25.31999969482422,25.010000228881836,25.270000457763672,25.010000228881836,2261500.0,24.3125057220459
2016-10-06,25.110000610351562,24.739999771118164,24.920000076293945,24.90999984741211,1755000.0,24.215295791625977
2016-10-07,25.770000457763672,24.559999465942383,25.209999084472656,24.68000030517578,1830300.0,23.991708755493164
2016-10-10,25.079999923706055,24.75,24.75,25.010000228881836,1309700.0,24.3125057220459
2016-10-11,25.079999923706055,24.719999313354492,25.030000686645508,24.829999923706055,3133800.0,24.137523651123047
2016-10-12,24.899999618530273,24.639999389648438,24.770000457763672,24.760000228881836,2708500.0,24.069477081298828
2016-10-13,24.84000015258789,24.40999984741211,24.540000915527344,24.760000228881836,2852900.0,24.069477081298828
2016-10-14,25.040000915527344,24.739999771118164,24.809999465942383,24.860000610351562,4783600.0,24.166688919067383
2016-10-17,24.959999084472656,24.770000457763672,24.850000381469727,24.790000915527344,4319800.0,24.09864044189453
2016-10-18,25.219999313354492,24.920000076293945,25.020000457763672,25.06999969482422,2536300.0,24.370830535888672
2016-10-19,25.56999969482422,25.100000381469727,25.18000030517578,25.31999969482422,2972600.0,24.613859176635742
2016-10-20,25.489999771118164,25.040000915527344,25.18000030517578,25.360000610351562,8614900.0,24.65274429321289
2016-10-21,26.149999618530273,25.110000610351562,25.229999542236328,25.90999984741211,4106300.0,25.187406539916992
2016-10-24,26.270000457763672,25.479999542236328,26.1200008392334,25.670000076293945,3235200.0,24.954099655151367
2016-10-25,25.84000015258789,25.600000381469727,25.68000030517578,25.709999084472656,1939000.0,24.99298095703125
2016-10-26,26.579999923706055,25.610000610351562,25.709999084472656,26.520000457763672,3107200.0,25.780393600463867
2016-10-27,26.610000610351562,26.1200008392334,26.56999969482422,26.239999771118164,2359400.0,25.508203506469727
2016-10-28,26.420000076293945,26.139999389648438,26.209999084472656,26.239999771118164,3112900.0,25.508203506469727
2016-10-31,26.5,26.239999771118164,26.299999237060547,26.389999389648438,4552100.0,25.65401840209961
2016-11-01,26.40999984741211,25.989999771118164,26.40999984741211,26.190000534057617,7137000.0,25.459596633911133
2016-11-02,26.229999542236328,25.700000762939453,26.209999084472656,25.75,6825700.0,25.0318660736084
2016-11-03,27.700000762939453,26.65999984741211,26.700000762939453,27.530000686645508,10103000.0,26.76222801208496
2016-11-04,27.469999313354492,26.65999984741211,27.219999313354492,26.690000534057617,8693500.0,25.945653915405273
2016-11-07,27.219999313354492,26.860000610351562,27.170000076293945,27.190000534057617,4168200.0,26.43170928955078
2016-11-08,27.299999237060547,26.84000015258789,27.219999313354492,27.079999923706055,4453400.0,26.324777603149414
2016-11-09,27.459999084472656,26.299999237060547,26.399999618530273,27.329999923706055,6291700.0,26.56780433654785
2016-11-10,27.639999389648438,26.989999771118164,27.350000381469727,27.15999984741211,4615400.0,26.402544021606445
2016-11-11,27.139999389648438,26.700000762939453,27.110000610351562,27.0,3689400.0,26.247005462646484
2016-11-14,27.3799991607666,26.989999771118164,27.079999923706055,27.329999923706055,4944200.0,26.56780433654785
2016-11-15,27.479999542236328,27.209999084472656,27.299999237060547,27.399999618530273,3858100.0,26.635852813720703
2016-11-16,27.549999237060547,27.280000686645508,27.389999389648438,27.489999771118164,2144300.0,26.723342895507812
2016-11-17,27.809999465942383,27.309999465942383,27.360000610351562,27.809999465942383,2340200.0,27.0344181060791
2016-11-18,27.90999984741211,27.649999618530273,27.739999771118164,27.690000534057617,3242400.0,26.917766571044922
2016-11-21,27.75,27.540000915527344,27.729999542236328,27.729999542236328,2215500.0,26.956647872924805
2016-11-22,28.190000534057617,27.68000030517578,27.829999923706055,28.139999389648438,2923200.0,27.355213165283203
2016-11-23,28.360000610351562,28.030000686645508,28.149999618530273,28.280000686645508,3264600.0,27.491310119628906
2016-11-25,28.299999237060547,28.1299991607666,28.209999084472656,28.260000228881836,1991100.0,27.471866607666016
2016-11-28,28.309999465942383,27.989999771118164,28.15999984741211,28.190000534057617,3241600.0,27.403820037841797
2016-11-29,28.420000076293945,28.1299991607666,28.290000915527344,28.360000610351562,3465600.0,27.56907844543457
2016-11-30,28.440000534057617,27.989999771118164,28.31999969482422,28.059999465942383,5196700.0,27.27744483947754
2016-12-01,28.270000457763672,27.889999389648438,28.010000228881836,28.079999923706055,4193700.0,27.29688835144043
2016-12-02,28.190000534057617,27.209999084472656,28.1299991607666,27.3700008392334,2858400.0,26.606689453125
2016-12-05,27.56999969482422,26.81999969482422,27.489999771118164,27.530000686645508,3649000.0,26.76222801208496
2016-12-06,27.6299991607666,27.190000534057617,27.5,27.3700008392334,4177000.0,26.606689453125
2016-12-07,27.969999313354492,27.219999313354492,27.219999313354492,27.950000762939453,4722200.0,27.170515060424805
2016-12-08,28.489999771118164,27.979999542236328,28.010000228881836,28.479999542236328,2824600.0,27.68572998046875
2016-12-09,29.6299991607666,27.420000076293945,28.540000915527344,27.920000076293945,13266700.0,27.14134979248047
2016-12-12,27.780000686645508,25.940000534057617,27.739999771118164,26.190000534057617,7466000.0,25.459596633911133
2016-12-13,26.90999984741211,26.229999542236328,26.270000457763672,26.899999618530273,5312000.0,26.149797439575195
2016-12-14,27.84000015258789,26.920000076293945,26.940000534057617,27.59000015258789,8526700.0,26.820552825927734
2016-12-15,27.799999237060547,27.219999313354492,27.68000030517578,27.389999389648438,6104100.0,26.626129150390625
2016-12-16,28.079999923706055,27.309999465942383,27.450000762939453,27.729999542236328,10124500.0,26.956647872924805
2016-12-19,27.899999618530273,27.540000915527344,27.809999465942383,27.6299991607666,2557200.0,26.859437942504883
2016-12-20,27.920000076293945,27.510000228881836,27.649999618530273,27.59000015258789,2780300.0,26.820552825927734
2016-12-21,27.75,27.469999313354492,27.6200008392334,27.739999771118164,3436500.0,26.96636962890625
2016-12-22,27.799999237060547,27.5,27.600000381469727,27.75,3776500.0,26.976089477539062
2016-12-23,27.799999237060547,27.56999969482422,27.780000686645508,27.700000762939453,1382800.0,26.9274845123291
2016-12-27,27.989999771118164,27.690000534057617,27.81999969482422,27.84000015258789,1284500.0,27.063581466674805
2016-12-28,27.940000534057617,27.649999618530273,27.899999618530273,27.65999984741211,2014300.0,26.888599395751953
2016-12-29,27.809999465942383,27.440000534057617,27.649999618530273,27.479999542236328,1249300.0,26.713619232177734
2016-12-30,27.520000457763672,27.079999923706055,27.5,27.25,2885000.0,26.490036010742188
2017-01-03,28.149999618530273,27.540000915527344,27.739999771118164,28.0,2937900.0,27.219118118286133
2017-01-04,28.3799991607666,28.0,28.0,28.25,2741000.0,27.46214485168457
2017-01-05,28.43000030517578,27.899999618530273,28.1299991607666,28.34000015258789,4393700.0,27.549636840820312
2017-01-06,28.889999389648438,28.209999084472656,28.399999618530273,28.850000381469727,2005100.0,28.045412063598633
2017-01-09,28.889999389648438,28.549999237060547,28.799999237060547,28.770000457763672,1827300.0,27.9676456451416
2017-01-10,29.290000915527344,28.559999465942383,28.709999084472656,28.920000076293945,2829200.0,28.113460540771484
2017-01-11,29.450000762939453,28.81999969482422,28.889999389648438,29.440000534057617,3484200.0,28.61895751953125
2017-01-12,29.40999984741211,28.969999313354492,29.34000015258789,29.079999923706055,3124000.0,28.268997192382812
2017-01-13,29.309999465942383,28.920000076293945,29.020000457763672,29.25,1912900.0,28.43425750732422
2017-01-17,29.34000015258789,29.100000381469727,29.139999389648438,29.25,1802500.0,28.43425750732422
2017-01-18,29.559999465942383,29.200000762939453,29.31999969482422,29.520000457763672,1983400.0,28.696727752685547
2017-01-19,29.610000610351562,29.079999923706055,29.520000457763672,29.209999084472656,2026400.0,28.395370483398438
2017-01-20,29.549999237060547,29.15999984741211,29.399999618530273,29.549999237060547,2532300.0,28.72589111328125
2017-01-23,29.610000610351562,29.25,29.489999771118164,29.510000228881836,1523400.0,28.6870059967041
2017-01-24,29.809999465942383,29.3799991607666,29.610000610351562,29.790000915527344,1667900.0,28.959197998046875
2017-01-25,29.979999542236328,29.719999313354492,29.889999389648438,29.799999237060547,1786400.0,28.968917846679688
2017-01-26,30.969999313354492,29.81999969482422,29.850000381469727,30.59000015258789,3083000.0,29.736888885498047
2017-01-27,30.959999084472656,30.420000076293945,30.700000762939453,30.850000381469727,1815100.0,29.989635467529297
2017-01-30,30.989999771118164,30.530000686645508,30.829999923706055,30.979999542236328,2027300.0,30.116012573242188
2017-01-31,31.079999923706055,30.649999618530273,30.829999923706055,31.010000228881836,2274200.0,30.145172119140625
2017-02-01,31.299999237060547,30.940000534057617,31.030000686645508,31.239999771118164,2918300.0,30.368759155273438
2017-02-02,31.229999542236328,30.940000534057617,31.209999084472656,31.15999984741211,1929100.0,30.29098892211914
2017-02-03,31.299999237060547,30.8700008392334,31.299999237060547,31.09000015258789,1658200.0,30.222944259643555
2017-02-06,31.1200008392334,30.690000534057617,30.940000534057617,30.719999313354492,2339500.0,29.86326026916504
2017-02-07,31.079999923706055,29.799999237060547,30.450000762939453,30.15999984741211,5893200.0,29.318878173828125
2017-02-08,30.190000534057617,29.579999923706055,30.079999923706055,29.81999969482422,3864300.0,28.988359451293945
2017-02-09,30.100000381469727,29.639999389648438,29.950000762939453,29.709999084472656,1932500.0,28.881427764892578
2017-02-10,29.850000381469727,29.530000686645508,29.799999237060547,29.649999618530273,3052000.0,28.823101043701172
2017-02-13,29.860000610351562,29.260000228881836,29.850000381469727,29.479999542236328,3461100.0,28.657840728759766
2017-02-14,30.079999923706055,29.350000381469727,29.5,30.020000457763672,2676000.0,29.182785034179688
2017-02-15,30.329999923706055,29.770000457763672,29.799999237060547,30.329999923706055,2194100.0,29.48413848876953
2017-02-16,30.309999465942383,29.950000762939453,30.309999465942383,30.079999923706055,1984000.0,29.241107940673828
2017-02-17,30.1200008392334,29.75,30.049999237060547,29.920000076293945,2438200.0,29.0855712890625
2017-02-21,30.280000686645508,29.780000686645508,29.950000762939453,30.059999465942383,2644900.0,29.221668243408203
2017-02-22,30.229999542236328,29.959999084472656,29.969999313354492,30.149999618530273,1681600.0,29.309158325195312
2017-02-23,30.31999969482422,29.790000915527344,30.15999984741211,30.0,2605000.0,29.163341522216797
2017-02-24,30.239999771118164,29.93000030517578,30.15999984741211,30.229999542236328,2689600.0,29.386924743652344
2017-02-27,30.280000686645508,29.780000686645508,30.09000015258789,30.010000228881836,2232300.0,29.17306137084961
2017-02-28,29.979999542236328,29.329999923706055,29.959999084472656,29.350000381469727,5615100.0,28.53146743774414
2017-03-01,30.079999923706055,29.510000228881836,29.510000228881836,29.860000610351562,3895200.0,29.027246475219727
2017-03-02,29.860000610351562,29.510000228881836,29.770000457763672,29.709999084472656,2360500.0,28.881427764892578
2017-03-03,29.989999771118164,29.489999771118164,29.709999084472656,29.950000762939453,1888100.0,29.114734649658203
2017-03-06,30.479999542236328,29.780000686645508,29.889999389648438,30.200000762939453,2573700.0,29.357765197753906
2017-03-07,30.209999084472656,29.770000457763672,30.020000457763672,30.110000610351562,2752300.0,29.270275115966797
2017-03-08,30.15999984741211,29.8799991607666,30.09000015258789,29.979999542236328,2258000.0,29.143898010253906
2017-03-09,30.360000610351562,30.0,30.0,30.260000228881836,3041300.0,29.416088104248047
2017-03-10,30.399999618530273,29.829999923706055,30.270000457763672,29.959999084472656,3589000.0,29.124454498291016
2017-03-13,30.049999237060547,29.850000381469727,29.950000762939453,29.950000762939453,1585900.0,29.290714263916016
2017-03-14,30.040000915527344,29.780000686645508,29.8799991607666,29.920000076293945,1254600.0,29.26137351989746
2017-03-15,30.43000030517578,29.920000076293945,30.049999237060547,30.31999969482422,2329100.0,29.652570724487305
2017-03-16,30.299999237060547,30.0,30.25,30.200000762939453,2141800.0,29.535213470458984
2017-03-17,30.479999542236328,30.059999465942383,30.40999984741211,30.270000457763672,3243100.0,29.60367202758789
2017-03-20,30.459999084472656,30.059999465942383,30.270000457763672,30.09000015258789,1010700.0,29.42763328552246
2017-03-21,30.329999923706055,30.020000457763672,30.229999542236328,30.09000015258789,2703300.0,29.42763328552246
2017-03-22,30.530000686645508,30.020000457763672,30.170000076293945,30.420000076293945,2250600.0,29.750368118286133
2017-03-23,30.950000762939453,30.270000457763672,30.399999618530273,30.75,3010300.0,30.073104858398438
2017-03-24,31.190000534057617,30.639999389648438,30.84000015258789,30.8799991607666,2496200.0,30.200241088867188
2017-03-27,31.3700008392334,30.68000030517578,30.829999923706055,31.25,2672400.0,30.562097549438477
2017-03-28,31.920000076293945,31.149999618530273,31.15999984741211,31.81999969482422,3456400.0,31.119550704956055
2017-03-29,31.790000915527344,31.469999313354492,31.65999984741211,31.510000228881836,1627600.0,30.816373825073242
2017-03-30,31.700000762939453,31.34000015258789,31.450000762939453,31.670000076293945,1490300.0,30.97285270690918
2017-03-31,31.8799991607666,31.579999923706055,31.579999923706055,31.780000686645508,2018600.0,31.08043098449707
2017-04-03,31.940000534057617,31.43000030517578,31.770000457763672,31.56999969482422,1681100.0,30.87505531311035
2017-04-04,31.549999237060547,31.049999237060547,31.5,31.209999084472656,1909900.0,30.52297592163086
2017-04-05,31.260000228881836,30.729999542236328,31.200000762939453,30.829999923706055,2357400.0,30.151344299316406
2017-04-06,30.809999465942383,30.09000015258789,30.809999465942383,30.549999237060547,3229900.0,29.877504348754883
2017-04-07,30.68000030517578,30.290000915527344,30.600000381469727,30.540000915527344,1592100.0,29.867727279663086
2017-04-10,30.81999969482422,30.459999084472656,30.6200008392334,30.600000381469727,2371300.0,29.92640495300293
2017-04-11,30.6200008392334,30.170000076293945,30.489999771118164,30.469999313354492,1822500.0,29.799266815185547
2017-04-12,30.459999084472656,29.950000762939453,30.360000610351562,30.139999389648438,2172300.0,29.476530075073242
2017-04-13,30.440000534057617,29.860000610351562,30.239999771118164,29.860000610351562,1611000.0,29.202695846557617
2017-04-17,30.219999313354492,29.940000534057617,29.959999084472656,30.15999984741211,1906200.0,29.496091842651367
2017-04-18,30.170000076293945,29.790000915527344,30.040000915527344,30.049999237060547,1818200.0,29.388513565063477
2017-04-19,30.290000915527344,29.809999465942383,30.1299991607666,29.809999465942383,2924500.0,29.153797149658203
2017-04-20,30.649999618530273,29.809999465942383,29.979999542236328,30.549999237060547,3395500.0,29.877504348754883
2017-04-21,30.65999984741211,30.139999389648438,30.559999465942383,30.219999313354492,1798400.0,29.554771423339844
2017-04-24,30.579999923706055,29.649999618530273,30.5,29.75,3197200.0,29.09511947631836
2017-04-25,30.059999465942383,29.780000686645508,29.790000915527344,29.889999389648438,4720200.0,29.23203468322754
2017-04-26,30.209999084472656,29.850000381469727,29.93000030517578,30.049999237060547,1911500.0,29.388513565063477
2017-04-27,30.139999389648438,29.81999969482422,30.040000915527344,29.93000030517578,2973800.0,29.271156311035156
2017-04-28,29.989999771118164,29.639999389648438,29.989999771118164,29.860000610351562,1925300.0,29.202695846557617
2017-05-01,29.950000762939453,29.559999465942383,29.950000762939453,29.690000534057617,2280500.0,29.03643798828125
2017-05-02,29.90999984741211,29.610000610351562,29.6299991607666,29.850000381469727,2180000.0,29.192916870117188
2017-05-03,29.850000381469727,28.260000228881836,29.850000381469727,28.350000381469727,3762500.0,27.725934982299805
2017-05-04,28.700000762939453,27.309999465942383,28.25,28.5,5263600.0,27.87263298034668
2017-05-05,28.860000610351562,28.030000686645508,28.6200008392334,28.579999923706055,3127500.0,27.95087242126465
2017-05-08,28.65999984741211,27.90999984741211,28.6200008392334,28.030000686645508,3399000.0,27.412981033325195
2017-05-09,28.079999923706055,27.6299991607666,27.950000762939453,27.959999084472656,2905600.0,27.344518661499023
2017-05-10,27.950000762939453,27.540000915527344,27.84000015258789,27.68000030517578,3754400.0,27.0706844329834
2017-05-11,28.489999771118164,27.40999984741211,28.020000457763672,28.31999969482422,6264700.0,27.696596145629883
2017-05-12,28.489999771118164,27.729999542236328,28.219999313354492,27.899999618530273,8152600.0,27.28584098815918
2017-05-15,28.1200008392334,27.6299991607666,27.969999313354492,27.670000076293945,4418500.0,27.06090545654297
2017-05-16,27.709999084472656,26.889999389648438,27.709999084472656,27.110000610351562,3198500.0,26.51323127746582
2017-05-17,27.020000457763672,26.610000610351562,27.0,26.770000457763672,3676200.0,26.18071746826172
2017-05-18,26.940000534057617,26.6299991607666,26.65999984741211,26.780000686645508,2000300.0,26.19049835205078
2017-05-19,27.149999618530273,26.639999389648438,26.719999313354492,27.020000457763672,3060900.0,26.425212860107422
2017-05-22,27.09000015258789,26.850000381469727,27.049999237060547,27.0,2261000.0,26.405651092529297
2017-05-23,27.059999465942383,26.489999771118164,27.049999237060547,26.530000686645508,2036300.0,25.945999145507812
2017-05-24,26.719999313354492,26.469999313354492,26.6200008392334,26.670000076293945,1177500.0,26.082916259765625
2017-05-25,27.709999084472656,26.549999237060547,26.799999237060547,27.229999542236328,3490500.0,26.63058853149414
2017-05-26,27.31999969482422,26.899999618530273,27.31999969482422,26.950000762939453,2155300.0,26.356752395629883
2017-05-30,27.020000457763672,26.770000457763672,26.899999618530273,26.959999084472656,2248100.0,26.366531372070312
2017-05-31,27.06999969482422,26.780000686645508,26.979999542236328,26.899999618530273,1719500.0,26.3078556060791
2017-06-01,27.549999237060547,26.860000610351562,26.889999389648438,27.530000686645508,2420500.0,26.923986434936523
2017-06-02,27.850000381469727,27.530000686645508,27.610000610351562,27.600000381469727,2322400.0,26.99244499206543
2017-06-05,27.600000381469727,27.06999969482422,27.600000381469727,27.360000610351562,1512100.0,26.757728576660156
2017-06-06,27.540000915527344,27.15999984741211,27.3700008392334,27.209999084472656,2045900.0,26.61103057861328
2017-06-07,27.40999984741211,27.100000381469727,27.200000762939453,27.190000534057617,1594700.0,26.59147071838379
2017-06-08,27.209999084472656,26.709999084472656,27.139999389648438,27.0,1473800.0,26.405651092529297
2017-06-09,27.709999084472656,26.829999923706055,27.020000457763672,27.700000762939453,4006200.0,27.09024429321289
2017-06-12,28.559999465942383,27.56999969482422,27.56999969482422,28.170000076293945,4661700.0,27.549898147583008
2017-06-13,28.149999618530273,27.600000381469727,27.920000076293945,27.65999984741211,2346300.0,27.051122665405273
2017-06-14,27.799999237060547,26.979999542236328,27.799999237060547,27.1299991607666,2260400.0,26.53278923034668
2017-06-15,27.43000030517578,27.0,27.06999969482422,27.40999984741211,1958500.0,26.806625366210938
2017-06-16,27.360000610351562,26.829999923706055,26.93000030517578,27.1200008392334,3581800.0,26.523012161254883
2017-06-19,27.56999969482422,26.93000030517578,27.149999618530273,27.43000030517578,1876200.0,26.826187133789062
2017-06-20,27.309999465942383,26.700000762939453,27.309999465942383,26.739999771118164,2114400.0,26.151376724243164
2017-06-21,27.110000610351562,26.5,26.760000228881836,26.860000610351562,2711800.0,26.268735885620117
2017-06-22,26.8799991607666,26.6200008392334,26.81999969482422,26.6299991607666,1450200.0,26.043794631958008
2017-06-23,26.950000762939453,26.420000076293945,26.59000015258789,26.93000030517578,7486800.0,26.337194442749023
2017-06-26,27.829999923706055,26.979999542236328,27.0,27.6200008392334,2868100.0,27.012004852294922
2017-06-27,27.780000686645508,27.190000534057617,27.510000228881836,27.219999313354492,3217300.0,26.62080955505371
2017-06-28,28.0,27.329999923706055,27.329999923706055,27.770000457763672,2152700.0,27.158702850341797
2017-06-29,28.40999984741211,27.610000610351562,27.639999389648438,27.739999771118164,3070500.0,27.129362106323242
2017-06-30,27.950000762939453,27.399999618530273,27.90999984741211,27.8700008392334,2325400.0,27.256502151489258
2017-07-03,28.43000030517578,27.940000534057617,28.100000381469727,28.1299991607666,1568000.0,27.510778427124023
2017-07-05,28.18000030517578,27.799999237060547,28.1200008392334,27.940000534057617,1810800.0,27.324960708618164
2017-07-06,27.84000015258789,27.469999313354492,27.760000228881836,27.520000457763672,2027800.0,26.91420555114746
2017-07-07,27.709999084472656,27.309999465942383,27.540000915527344,27.559999465942383,1503100.0,26.953327178955078
2017-07-10,27.899999618530273,27.440000534057617,27.469999313354492,27.84000015258789,1201800.0,27.227161407470703
2017-07-11,27.8799991607666,27.639999389648438,27.8799991607666,27.719999313354492,1188000.0,27.109804153442383
2017-07-12,28.350000381469727,27.940000534057617,27.950000762939453,28.309999465942383,2353100.0,27.68681526184082
2017-07-13,28.59000015258789,27.229999542236328,28.079999923706055,27.399999618530273,3087300.0,26.79684829711914
2017-07-14,27.829999923706055,27.31999969482422,27.59000015258789,27.540000915527344,1774500.0,26.933767318725586
2017-07-17,27.719999313354492,27.149999618530273,27.579999923706055,27.229999542236328,2652300.0,26.63058853149414
2017-07-18,27.270000457763672,26.719999313354492,27.260000228881836,27.200000762939453,2185400.0,26.60125160217285
2017-07-19,27.510000228881836,27.190000534057617,27.299999237060547,27.459999084472656,1699600.0,26.855525970458984
2017-07-20,27.860000610351562,27.190000534057617,27.559999465942383,27.610000610351562,1350000.0,27.00222396850586
2017-07-21,27.850000381469727,27.540000915527344,27.540000915527344,27.649999618530273,1581400.0,27.041343688964844
2017-07-24,27.75,27.329999923706055,27.75,27.5,1640200.0,26.89464569091797
2017-07-25,27.84000015258789,27.360000610351562,27.549999237060547,27.709999084472656,1464000.0,27.10002326965332
2017-07-26,28.049999237060547,27.639999389648438,27.709999084472656,27.920000076293945,1205300.0,27.305400848388672
2017-07-27,29.229999542236328,27.969999313354492,28.149999618530273,29.219999313354492,3242600.0,28.576784133911133
2017-07-28,29.270000457763672,28.760000228881836,29.059999465942383,28.90999984741211,3994400.0,28.27360725402832
2017-07-31,29.020000457763672,28.489999771118164,29.020000457763672,28.690000534057617,2472000.0,28.05845069885254
2017-08-01,29.209999084472656,28.760000228881836,28.809999465942383,28.920000076293945,2254200.0,28.283388137817383
2017-08-02,28.709999084472656,28.15999984741211,28.670000076293945,28.280000686645508,2360500.0,27.6574764251709
2017-08-03,28.700000762939453,28.149999618530273,28.270000457763672,28.520000457763672,2152400.0,27.892192840576172
2017-08-04,28.479999542236328,27.770000457763672,28.329999923706055,28.059999465942383,2232200.0,27.442317962646484
2017-08-07,28.110000610351562,27.799999237060547,28.040000915527344,27.84000015258789,1274400.0,27.227161407470703
2017-08-08,28.059999465942383,27.600000381469727,27.809999465942383,27.709999084472656,1526200.0,27.10002326965332
2017-08-09,27.559999465942383,26.959999084472656,27.43000030517578,27.510000228881836,2518200.0,26.904428482055664
2017-08-10,29.15999984741211,27.450000762939453,28.5,27.469999313354492,3576600.0,26.865306854248047
2017-08-11,27.93000030517578,27.469999313354492,27.719999313354492,27.84000015258789,1706100.0,27.227161407470703
2017-08-14,28.170000076293945,27.75,28.0,27.770000457763672,2058000.0,27.158702850341797
2017-08-15,27.829999923706055,27.420000076293945,27.709999084472656,27.440000534057617,1705300.0,26.835966110229492
2017-08-16,27.709999084472656,27.389999389648438,27.579999923706055,27.559999465942383,1643000.0,26.953327178955078
2017-08-17,27.610000610351562,26.860000610351562,27.520000457763672,26.889999389648438,2569400.0,26.298072814941406
2017-08-18,27.09000015258789,26.719999313354492,26.739999771118164,26.790000915527344,2456500.0,26.200273513793945
2017-08-21,26.90999984741211,26.559999465942383,26.84000015258789,26.889999389648438,2001400.0,26.298072814941406
2017-08-22,27.059999465942383,26.809999465942383,26.989999771118164,26.979999542236328,1594300.0,26.386091232299805
2017-08-23,26.90999984741211,26.639999389648438,26.8700008392334,26.65999984741211,2834200.0,26.073135375976562
2017-08-24,26.799999237060547,26.56999969482422,26.670000076293945,26.610000610351562,1574400.0,26.02423667907715
2017-08-25,26.969999313354492,26.579999923706055,26.65999984741211,26.719999313354492,2628500.0,26.13181495666504
2017-08-28,27.020000457763672,26.709999084472656,26.860000610351562,26.760000228881836,1549600.0,26.170936584472656
2017-08-29,27.020000457763672,26.559999465942383,26.559999465942383,26.90999984741211,1749700.0,26.31763458251953
2017-08-30,27.229999542236328,26.850000381469727,26.899999618530273,27.010000228881836,2059700.0,26.41543197631836
2017-08-31,27.25,26.989999771118164,27.020000457763672,27.100000381469727,2528500.0,26.503450393676758
2017-09-01,27.309999465942383,26.959999084472656,27.15999984741211,26.979999542236328,1632500.0,26.386091232299805
2017-09-05,27.020000457763672,25.90999984741211,26.969999313354492,26.09000015258789,3231000.0,25.515684127807617
2017-09-06,26.209999084472656,25.75,26.139999389648438,25.969999313354492,2661600.0,25.398324966430664
2017-09-07,26.09000015258789,24.780000686645508,26.040000915527344,25.3799991607666,4478800.0,24.821311950683594
2017-09-08,25.399999618530273,25.06999969482422,25.3700008392334,25.3799991607666,2543800.0,24.821311950683594
2017-09-11,25.68000030517578,25.389999389648438,25.559999465942383,25.670000076293945,3121200.0,25.104930877685547
2017-09-12,25.540000915527344,25.190000534057617,25.479999542236328,25.459999084472656,2721400.0,25.075382232666016
2017-09-13,26.15999984741211,25.3799991607666,25.420000076293945,26.149999618530273,3250900.0,25.754959106445312
2017-09-14,26.1299991607666,25.799999237060547,26.049999237060547,26.0,2354100.0,25.607227325439453
2017-09-15,26.65999984741211,25.8799991607666,26.030000686645508,26.649999618530273,11345100.0,26.247406005859375
2017-09-18,26.65999984741211,25.860000610351562,26.65999984741211,26.030000686645508,2662400.0,25.63677215576172
2017-09-19,26.309999465942383,25.920000076293945,26.100000381469727,26.270000457763672,2295200.0,25.873146057128906
2017-09-20,26.530000686645508,26.260000228881836,26.31999969482422,26.3799991607666,2350100.0,25.981483459472656
2017-09-21,26.459999084472656,26.190000534057617,26.270000457763672,26.329999923706055,1729600.0,25.932239532470703
2017-09-22,26.469999313354492,26.209999084472656,26.239999771118164,26.43000030517578,1373900.0,26.030731201171875
2017-09-25,26.829999923706055,26.329999923706055,26.329999923706055,26.610000610351562,2500200.0,26.208009719848633
2017-09-26,26.700000762939453,26.399999618530273,26.6299991607666,26.420000076293945,1932800.0,26.02088165283203
2017-09-27,26.809999465942383,26.1299991607666,26.469999313354492,26.770000457763672,2856000.0,26.3655948638916
2017-09-28,26.68000030517578,25.950000762939453,26.610000610351562,26.010000228881836,2810000.0,25.61707305908203
2017-09-29,26.100000381469727,25.709999084472656,26.049999237060547,25.790000915527344,5002700.0,25.40039825439453
2017-10-02,26.299999237060547,25.790000915527344,25.850000381469727,26.049999237060547,3421500.0,25.65646743774414
2017-10-03,26.15999984741211,25.850000381469727,26.0,26.020000457763672,3849200.0,25.626922607421875
2017-10-04,26.6299991607666,25.920000076293945,25.959999084472656,26.459999084472656,3659000.0,26.06027603149414
2017-10-05,26.649999618530273,26.239999771118164,26.579999923706055,26.31999969482422,1590300.0,25.92238998413086
2017-10-06,26.489999771118164,26.09000015258789,26.34000015258789,26.469999313354492,2355500.0,26.070125579833984
2017-10-09,26.479999542236328,25.969999313354492,26.40999984741211,25.969999313354492,1225400.0,25.577678680419922
2017-10-10,26.540000915527344,25.989999771118164,26.030000686645508,26.149999618530273,1591400.0,25.754959106445312
2017-10-11,26.049999237060547,25.239999771118164,26.049999237060547,25.479999542236328,3020200.0,25.095081329345703
2017-10-12,25.780000686645508,25.200000762939453,25.299999237060547,25.489999771118164,4765100.0,25.104928970336914
2017-10-13,25.920000076293945,25.450000762939453,25.610000610351562,25.829999923706055,4758400.0,25.43979263305664
2017-10-16,26.200000762939453,25.799999237060547,25.920000076293945,26.100000381469727,1885400.0,25.70571517944336
2017-10-17,26.25,25.93000030517578,26.0,26.219999313354492,1305600.0,25.82390022277832
2017-10-18,26.719999313354492,26.190000534057617,26.209999084472656,26.59000015258789,2593100.0,26.188312530517578
2017-10-19,26.729999542236328,26.309999465942383,26.59000015258789,26.700000762939453,1461700.0,26.296649932861328
2017-10-20,26.940000534057617,26.639999389648438,26.8799991607666,26.84000015258789,1427400.0,26.43453598022461
2017-10-23,26.93000030517578,25.969999313354492,26.93000030517578,26.010000228881836,1921700.0,25.61707305908203
2017-10-24,25.969999313354492,25.540000915527344,25.889999389648438,25.559999465942383,2118200.0,25.173871994018555
2017-10-25,25.649999618530273,25.309999465942383,25.450000762939453,25.43000030517578,1910500.0,25.04583740234375
2017-10-26,26.0,25.420000076293945,25.760000228881836,25.700000762939453,1800300.0,25.311756134033203
2017-10-27,25.760000228881836,24.90999984741211,25.559999465942383,25.75,2326400.0,25.361000061035156
2017-10-30,26.030000686645508,25.520000457763672,25.649999618530273,25.75,2161000.0,25.361000061035156
2017-10-31,25.780000686645508,25.350000381469727,25.780000686645508,25.450000762939453,1665800.0,25.065534591674805
2017-11-01,25.829999923706055,25.350000381469727,25.610000610351562,25.3799991607666,1451200.0,24.99658966064453
2017-11-02,25.530000686645508,24.90999984741211,25.3799991607666,25.149999618530273,2960800.0,24.770065307617188
2017-11-03,25.200000762939453,24.399999618530273,25.049999237060547,24.43000030517578,3298200.0,24.060943603515625
2017-11-06,26.850000381469727,24.299999237060547,24.329999923706055,26.6200008392334,12144100.0,26.21786117553711
2017-11-07,27.770000457763672,26.700000762939453,26.700000762939453,27.040000915527344,6640900.0,26.631515502929688
2017-11-08,27.389999389648438,26.739999771118164,26.84000015258789,27.350000381469727,5692500.0,26.936830520629883
2017-11-09,28.959999084472656,26.56999969482422,26.760000228881836,28.1299991607666,5278400.0,27.705045700073242
2017-11-10,29.170000076293945,27.979999542236328,28.190000534057617,28.06999969482422,4557600.0,27.645954132080078
2017-11-13,28.040000915527344,27.479999542236328,27.84000015258789,27.81999969482422,1492500.0,27.39973258972168
2017-11-14,27.770000457763672,27.09000015258789,27.65999984741211,27.309999465942383,2402400.0,26.89743423461914
2017-11-15,28.010000228881836,26.860000610351562,27.260000228881836,27.950000762939453,2968100.0,27.527769088745117
2017-11-16,28.739999771118164,27.559999465942383,27.559999465942383,28.600000381469727,3400800.0,28.167949676513672
2017-11-17,30.729999542236328,29.579999923706055,30.450000762939453,30.479999542236328,5811000.0,30.019546508789062
2017-11-20,30.920000076293945,29.700000762939453,30.450000762939453,29.899999618530273,3265100.0,29.44830894470215
2017-11-21,30.280000686645508,29.639999389648438,29.93000030517578,30.100000381469727,2645500.0,29.645288467407227
2017-11-22,30.15999984741211,29.829999923706055,30.020000457763672,29.940000534057617,2721900.0,29.48770523071289
2017-11-24,30.09000015258789,29.68000030517578,29.68000030517578,29.780000686645508,732200.0,29.330121994018555
2017-11-27,29.889999389648438,29.670000076293945,29.719999313354492,29.700000762939453,2922100.0,29.251331329345703
2017-11-28,30.229999542236328,29.6299991607666,29.81999969482422,30.170000076293945,2079300.0,29.714229583740234
2017-11-29,31.59000015258789,30.219999313354492,30.219999313354492,31.299999237060547,3983400.0,30.827159881591797
2017-11-30,31.459999084472656,30.540000915527344,31.0,31.149999618530273,3597500.0,30.679426193237305
2017-12-01,31.600000381469727,30.520000457763672,30.639999389648438,31.469999313354492,5138000.0,30.994590759277344
2017-12-04,33.189998626708984,31.790000915527344,31.790000915527344,32.310001373291016,4306500.0,31.821901321411133
2017-12-05,33.689998626708984,32.02000045776367,32.02000045776367,32.47999954223633,6398200.0,31.989334106445312
2017-12-06,33.2400016784668,32.08000183105469,32.54999923706055,32.70000076293945,4247200.0,32.20600891113281
2017-12-07,34.34000015258789,32.56999969482422,32.77000045776367,33.77000045776367,10985600.0,33.25984573364258
2017-12-08,34.11000061035156,32.900001525878906,34.02000045776367,32.970001220703125,5690300.0,32.4719352722168
2017-12-11,33.349998474121094,32.7599983215332,33.040000915527344,33.27000045776367,3701900.0,32.767398834228516
2017-12-12,33.70000076293945,32.939998626708984,33.459999084472656,33.599998474121094,6033900.0,33.092411041259766
2017-12-13,33.58000183105469,32.060001373291016,33.58000183105469,32.34000015258789,7502700.0,31.85144805908203
2017-12-14,34.380001068115234,32.08000183105469,32.25,34.220001220703125,18216400.0,33.70304870605469
2017-12-15,35.34000015258789,34.150001525878906,34.31999969482422,34.220001220703125,10334100.0,33.70304870605469
2017-12-18,34.83000183105469,34.11000061035156,34.349998474121094,34.5,6663400.0,33.97882080078125
2017-12-19,34.81999969482422,34.27000045776367,34.650001525878906,34.369998931884766,5553800.0,33.85078048706055
2017-12-20,34.560001373291016,33.81999969482422,34.29999923706055,33.86000061035156,5637100.0,33.348487854003906
2017-12-21,34.810001373291016,33.65999984741211,33.790000915527344,34.529998779296875,3657700.0,34.008365631103516
2017-12-22,34.83000183105469,34.36000061035156,34.36000061035156,34.720001220703125,1566100.0,34.19549560546875
2017-12-26,34.93000030517578,34.150001525878906,34.84000015258789,34.16999816894531,1503600.0,33.65380096435547
2017-12-27,34.310001373291016,34.040000915527344,34.2599983215332,34.13999938964844,1521900.0,33.6242561340332
2017-12-28,34.25,33.9900016784668,34.18000030517578,34.08000183105469,1370100.0,33.565162658691406
2017-12-29,34.2599983215332,33.93000030517578,33.93000030517578,34.119998931884766,1735800.0,33.604557037353516
2018-01-02,35.380001068115234,34.27000045776367,34.380001068115234,35.36000061035156,3088700.0,34.825828552246094
2018-01-03,36.2400016784668,35.369998931884766,35.369998931884766,35.93000030517578,3250400.0,35.38721466064453
2018-01-04,36.220001220703125,35.779998779296875,36.15999984741211,36.16999816894531,2673300.0,35.62358856201172
2018-01-05,36.439998626708984,35.86000061035156,36.400001525878906,36.349998474121094,4678700.0,35.80086898803711
2018-01-08,36.189998626708984,35.5099983215332,36.130001068115234,35.849998474121094,4451200.0,35.30842590332031
2018-01-09,36.369998931884766,35.81999969482422,35.81999969482422,36.18000030517578,4054000.0,35.63343811035156
2018-01-10,36.290000915527344,35.06999969482422,36.189998626708984,35.31999969482422,6895000.0,34.78643035888672
2018-01-11,35.91999816894531,35.29999923706055,35.29999923706055,35.79999923706055,2711900.0,35.259178161621094
2018-01-12,36.47999954223633,35.720001220703125,35.79999923706055,36.369998931884766,2243900.0,35.8205680847168
2018-01-16,36.529998779296875,35.75,36.5,35.790000915527344,3145700.0,35.249332427978516
2018-01-17,36.540000915527344,35.849998474121094,36.119998931884766,36.4900016784668,3030900.0,35.938758850097656
2018-01-18,36.439998626708984,35.650001525878906,36.439998626708984,35.72999954223633,3525900.0,35.19023513793945
2018-01-19,36.2599983215332,35.56999969482422,35.61000061035156,36.2599983215332,5556900.0,35.71222686767578
2018-01-22,37.06999969482422,35.9900016784668,36.45000076293945,36.959999084472656,3586000.0,36.40165328979492
2018-01-23,37.31999969482422,36.59000015258789,36.619998931884766,37.189998626708984,3866100.0,36.628177642822266
2018-01-24,37.970001220703125,37.220001220703125,37.349998474121094,37.4900016784668,2569200.0,36.923648834228516
2018-01-25,37.84000015258789,37.38999938964844,37.5099983215332,37.72999954223633,2565800.0,37.1600227355957
2018-01-26,38.43000030517578,37.439998626708984,37.869998931884766,38.31999969482422,2511100.0,37.741111755371094
2018-01-29,38.52000045776367,38.099998474121094,38.099998474121094,38.13999938964844,2415500.0,37.5638313293457
2018-01-30,38.560001373291016,37.849998474121094,38.40999984741211,37.880001068115234,2268600.0,37.307762145996094
2018-01-31,37.84000015258789,36.2599983215332,37.83000183105469,36.4900016784668,3546300.0,35.938758850097656
2018-02-01,37.150001525878906,36.25,36.4900016784668,36.709999084472656,2743600.0,36.155433654785156
2018-02-02,36.93000030517578,36.09000015258789,36.400001525878906,36.220001220703125,2921100.0,35.67283630371094
2018-02-05,37.04999923706055,35.54999923706055,36.060001373291016,35.560001373291016,5306900.0,35.022804260253906
2018-02-06,36.439998626708984,34.7599983215332,35.0099983215332,36.41999816894531,7349300.0,35.869808197021484
2018-02-07,36.959999084472656,35.619998931884766,36.40999984741211,35.70000076293945,4004200.0,35.16069412231445
2018-02-08,35.959999084472656,34.04999923706055,35.68000030517578,34.09000015258789,4486400.0,33.57501220703125
2018-02-09,35.47999954223633,33.75,34.380001068115234,35.189998626708984,5539800.0,34.65839385986328
2018-02-12,36.38999938964844,35.72999954223633,35.7400016784668,35.95000076293945,3098200.0,35.40690994262695
2018-02-13,36.380001068115234,35.560001373291016,35.560001373291016,36.189998626708984,1649900.0,35.643287658691406
2018-02-14,36.400001525878906,35.79999923706055,35.9900016784668,36.18000030517578,2274500.0,35.63343811035156
2018-02-15,36.72999954223633,36.13999938964844,36.209999084472656,36.650001525878906,2019200.0,36.09634017944336
2018-02-16,37.2599983215332,36.560001373291016,36.560001373291016,37.040000915527344,2067500.0,36.480445861816406
2018-02-20,37.119998931884766,36.54999923706055,36.84000015258789,36.61000061035156,2352600.0,36.056941986083984
2018-02-21,37.150001525878906,36.540000915527344,36.779998779296875,36.560001373291016,2898100.0,36.0077018737793
2018-02-22,36.939998626708984,36.59000015258789,36.70000076293945,36.72999954223633,1572700.0,36.17512893676758
2018-02-23,37.619998931884766,36.720001220703125,37.040000915527344,37.619998931884766,1705400.0,37.05168533325195
2018-02-26,38.40999984741211,37.61000061035156,37.66999816894531,38.400001525878906,1427700.0,37.81990432739258
2018-02-27,38.189998626708984,37.11000061035156,37.9900016784668,37.13999938964844,3381900.0,36.57893371582031
2018-02-28,37.45000076293945,36.40999984741211,37.27000045776367,36.41999816894531,2726500.0,35.869808197021484
2018-03-01,36.689998626708984,35.43000030517578,36.54999923706055,35.529998779296875,3827000.0,34.993255615234375
2018-03-02,36.029998779296875,35.099998474121094,35.369998931884766,35.93000030517578,2516600.0,35.38721466064453
2018-03-05,36.619998931884766,35.54999923706055,35.58000183105469,36.150001525878906,2771700.0,35.6038932800293
2018-03-06,37.029998779296875,36.08000183105469,36.189998626708984,37.02000045776367,2068000.0,36.460750579833984
2018-03-07,36.83000183105469,36.2400016784668,36.77000045776367,36.5099983215332,1651900.0,35.95845413208008
2018-03-08,36.970001220703125,36.45000076293945,36.630001068115234,36.790000915527344,1234200.0,36.23422622680664
2018-03-09,37.220001220703125,36.84000015258789,37.0,37.209999084472656,1606800.0,36.64787673950195
2018-03-12,37.79999923706055,37.119998931884766,37.25,37.5,1885200.0,36.93349838256836
2018-03-13,37.66999816894531,36.72999954223633,37.63999938964844,36.849998474121094,2234200.0,36.46836471557617
2018-03-14,37.29999923706055,36.900001525878906,37.04999923706055,37.22999954223633,3098000.0,36.84443283081055
2018-03-15,37.20000076293945,36.70000076293945,37.150001525878906,36.70000076293945,1419800.0,36.31991958618164
2018-03-16,37.130001068115234,36.61000061035156,36.93000030517578,36.619998931884766,3109200.0,36.240745544433594
2018-03-19,36.630001068115234,35.93000030517578,36.43000030517578,36.25,1894400.0,35.87458038330078
2018-03-20,36.4900016784668,36.029998779296875,36.34000015258789,36.18000030517578,1863000.0,35.80530548095703
2018-03-21,36.630001068115234,36.09000015258789,36.099998474121094,36.29999923706055,1529700.0,35.9240608215332
2018-03-22,36.540000915527344,35.66999816894531,35.83000183105469,36.18000030517578,2523800.0,35.80530548095703
2018-03-23,36.529998779296875,35.41999816894531,36.2599983215332,35.45000076293945,3160500.0,35.08286666870117
2018-03-26,36.65999984741211,35.70000076293945,36.08000183105469,36.58000183105469,2789300.0,36.20116424560547
2018-03-27,36.84000015258789,35.849998474121094,36.84000015258789,36.08000183105469,5719900.0,35.70634078979492
2018-03-28,36.279998779296875,35.45000076293945,36.20000076293945,35.5,5972600.0,35.132347106933594
2018-03-29,36.459999084472656,35.459999084472656,35.70000076293945,36.369998931884766,5445700.0,35.99333953857422
2018-04-02,36.290000915527344,35.279998779296875,36.130001068115234,35.68000030517578,3668100.0,35.310482025146484
2018-04-03,35.84000015258789,35.13999938964844,35.84000015258789,35.59000015258789,4470000.0,35.22141647338867
2018-04-04,35.790000915527344,34.939998626708984,35.279998779296875,35.66999816894531,4941500.0,35.30058670043945
2018-04-05,36.099998474121094,35.400001525878906,35.869998931884766,36.0,4682700.0,35.627166748046875
2018-04-06,36.060001373291016,35.029998779296875,35.779998779296875,35.34000015258789,4951900.0,34.97400665283203
2018-04-09,35.970001220703125,35.2400016784668,35.439998626708984,35.33000183105469,3798500.0,34.964111328125
2018-04-10,36.119998931884766,35.36000061035156,35.70000076293945,35.79999923706055,4201300.0,35.42924118041992
2018-04-11,36.04999923706055,35.220001220703125,35.220001220703125,35.650001525878906,4626200.0,35.28079605102539
2018-04-12,36.189998626708984,35.66999816894531,35.72999954223633,36.06999969482422,4255500.0,35.69644546508789
2018-04-13,36.59000015258789,36.06999969482422,36.15999984741211,36.40999984741211,2925600.0,36.032920837402344
2018-04-16,36.77000045776367,36.310001373291016,36.709999084472656,36.5099983215332,2700300.0,36.13188552856445
2018-04-17,37.36000061035156,36.650001525878906,36.849998474121094,37.09000015258789,2862600.0,36.70587921142578
2018-04-18,37.2400016784668,36.779998779296875,37.060001373291016,36.81999969482422,2042300.0,36.43867874145508
2018-04-19,37.400001525878906,36.58000183105469,36.779998779296875,36.68000030517578,1850900.0,36.30012512207031
2018-04-20,36.7599983215332,36.060001373291016,36.54999923706055,36.18000030517578,2231700.0,35.80530548095703
2018-04-23,36.310001373291016,35.810001373291016,36.18000030517578,36.029998779296875,1585700.0,35.656856536865234
2018-04-24,36.36000061035156,35.33000183105469,36.189998626708984,35.52000045776367,1948600.0,35.15214157104492
2018-04-25,36.54999923706055,35.31999969482422,35.599998474121094,36.130001068115234,4157000.0,35.755821228027344
2018-04-26,36.66999816894531,35.79999923706055,36.27000045776367,35.84000015258789,2080100.0,35.46882629394531
2018-04-27,36.349998474121094,35.40999984741211,35.650001525878906,35.9900016784668,2043300.0,35.61727523803711
2018-04-30,36.599998474121094,36.060001373291016,36.13999938964844,36.06999969482422,3560600.0,35.69644546508789
2018-05-01,36.209999084472656,35.65999984741211,35.86000061035156,36.119998931884766,1531700.0,35.74592590332031
2018-05-02,36.529998779296875,35.779998779296875,36.029998779296875,36.130001068115234,6719400.0,35.755821228027344
2018-05-03,36.61000061035156,35.27000045776367,36.0,36.33000183105469,6757100.0,35.95375442504883
2018-05-04,37.189998626708984,35.90999984741211,36.13999938964844,37.15999984741211,4802400.0,36.77515411376953
2018-05-07,37.70000076293945,37.16999816894531,37.349998474121094,37.47999954223633,1865000.0,37.09183883666992
2018-05-08,38.709999084472656,37.29999923706055,38.34000015258789,37.45000076293945,5004100.0,37.06215286254883
2018-05-09,37.7400016784668,37.099998474121094,37.5,37.2400016784668,2387500.0,36.85432815551758
2018-05-10,37.7400016784668,37.209999084472656,37.4900016784668,37.459999084472656,2458600.0,37.072044372558594
2018-05-11,37.599998474121094,37.189998626708984,37.45000076293945,37.47999954223633,1334800.0,37.09183883666992
2018-05-14,37.540000915527344,37.0,37.38999938964844,37.290000915527344,1968000.0,36.903812408447266
2018-05-15,37.41999816894531,36.93000030517578,36.9900016784668,37.349998474121094,1783800.0,36.96318435668945
2018-05-16,37.79999923706055,37.310001373291016,37.33000183105469,37.709999084472656,2193800.0,37.3194580078125
2018-05-17,37.88999938964844,37.2599983215332,37.68000030517578,37.279998779296875,2606400.0,36.89391326904297
2018-05-18,37.40999984741211,37.09000015258789,37.40999984741211,37.27000045776367,3188100.0,36.88401794433594
2018-05-21,37.63999938964844,37.29999923706055,37.36000061035156,37.45000076293945,2059900.0,37.06215286254883
2018-05-22,38.130001068115234,37.52000045776367,37.52000045776367,37.7400016784668,1847100.0,37.349151611328125
2018-05-23,38.529998779296875,37.869998931884766,37.869998931884766,38.2400016784668,2480900.0,37.843971252441406
2018-05-24,38.91999816894531,38.09000015258789,38.40999984741211,38.5,2301600.0,38.10127639770508
2018-05-25,38.81999969482422,38.310001373291016,38.439998626708984,38.52000045776367,2496100.0,38.121070861816406
2018-05-29,38.5,37.93000030517578,38.150001525878906,38.25,2745000.0,37.85386657714844
2018-05-30,38.689998626708984,38.09000015258789,38.5099983215332,38.25,2064600.0,37.85386657714844
2018-05-31,38.84000015258789,37.90999984741211,38.34000015258789,38.16999816894531,2044000.0,37.774696350097656
2018-06-01,38.470001220703125,38.02000045776367,38.2599983215332,38.27000045776367,2544300.0,37.873661041259766
2018-06-04,38.66999816894531,38.29999923706055,38.29999923706055,38.439998626708984,2627800.0,38.04189682006836
2018-06-05,38.84000015258789,38.38999938964844,38.529998779296875,38.7400016784668,2277900.0,38.33879470825195
2018-06-06,38.95000076293945,38.599998474121094,38.7400016784668,38.849998474121094,3811100.0,38.44765090942383
2018-06-07,39.2400016784668,38.63999938964844,38.79999923706055,39.22999954223633,2622900.0,38.8237190246582
2018-06-08,39.779998779296875,39.09000015258789,39.09000015258789,39.54999923706055,1865300.0,39.140403747558594
2018-06-11,40.7400016784668,39.380001068115234,39.470001220703125,39.91999816894531,3622600.0,39.506568908691406
2018-06-12,40.7400016784668,40.0,40.08000183105469,40.38999938964844,3999400.0,39.971702575683594
2018-06-13,43.70000076293945,43.08000183105469,43.52000045776367,43.40999984741211,11241000.0,42.960426330566406
2018-06-14,44.4900016784668,43.83000183105469,44.04999923706055,44.41999816894531,6044300.0,43.959964752197266
2018-06-15,44.83000183105469,44.18000030517578,44.619998931884766,44.560001373291016,5754200.0,44.09851837158203
2018-06-18,44.68000030517578,44.150001525878906,44.43000030517578,44.369998931884766,4685200.0,43.910484313964844
2018-06-19,44.79999923706055,43.81999969482422,43.91999816894531,44.290000915527344,3701800.0,43.83131408691406
2018-06-20,48.02000045776367,46.93000030517578,47.349998474121094,47.5,34370100.0,47.00807189941406
2018-06-21,48.86000061035156,47.75,48.11000061035156,48.040000915527344,11376900.0,47.542476654052734
2018-06-22,48.7599983215332,48.189998626708984,48.310001373291016,48.349998474121094,7423200.0,47.849266052246094
2018-06-25,48.33000183105469,47.56999969482422,48.25,47.88999938964844,5228700.0,47.3940315246582
2018-06-26,48.2599983215332,47.220001220703125,47.880001068115234,47.41999816894531,5742800.0,46.92889404296875
2018-06-27,48.58000183105469,47.54999923706055,48.09000015258789,48.29999923706055,16409500.0,47.799781799316406
2018-06-28,49.369998931884766,48.5,48.5,49.33000183105469,5817000.0,48.81911849975586
2018-06-29,49.650001525878906,49.09000015258789,49.220001220703125,49.27000045776367,4479900.0,48.759742736816406
2018-07-02,49.33000183105469,48.38999938964844,49.029998779296875,48.66999816894531,5626600.0,48.16595458984375
2018-07-03,49.04999923706055,47.869998931884766,49.04999923706055,48.029998779296875,2839200.0,47.5325813293457
2018-07-05,48.5099983215332,47.79999923706055,48.45000076293945,48.16999816894531,4693800.0,47.67112731933594
2018-07-06,48.599998474121094,48.04999923706055,48.15999984741211,48.43000030517578,5647600.0,47.928436279296875
2018-07-09,49.13999938964844,48.0,48.560001373291016,49.08000183105469,3926000.0,48.57170867919922
2018-07-10,49.5099983215332,49.060001373291016,49.15999984741211,49.34000015258789,2730300.0,48.82901382446289
2018-07-11,48.880001068115234,46.88999938964844,48.880001068115234,47.400001525878906,7261300.0,46.90910720825195
2018-07-12,47.65999984741211,46.849998474121094,47.439998626708984,47.040000915527344,4815600.0,46.55283737182617
2018-07-13,47.25,46.63999938964844,46.81999969482422,47.189998626708984,3610700.0,46.7012825012207
2018-07-16,47.279998779296875,45.97999954223633,47.279998779296875,46.40999984741211,6315900.0,45.929359436035156
2018-07-17,46.52000045776367,46.060001373291016,46.060001373291016,46.189998626708984,2869600.0,45.71163558959961
2018-07-18,46.459999084472656,46.060001373291016,46.189998626708984,46.31999969482422,2490600.0,45.84029006958008
2018-07-19,46.33000183105469,45.439998626708984,45.650001525878906,46.20000076293945,7608100.0,45.721534729003906
2018-07-20,46.029998779296875,45.459999084472656,45.93000030517578,45.689998626708984,4487800.0,45.21681594848633
2018-07-23,45.72999954223633,45.40999984741211,45.560001373291016,45.540000915527344,2855300.0,45.0683708190918
2018-07-24,45.68000030517578,44.849998474121094,45.5,44.90999984741211,3458200.0,44.44489288330078
2018-07-25,45.0099983215332,44.290000915527344,44.900001525878906,44.869998931884766,4011300.0,44.405303955078125
2018-07-26,45.31999969482422,44.900001525878906,45.11000061035156,45.09000015258789,4753600.0,44.62303161621094
2018-07-27,45.099998474121094,44.61000061035156,45.0099983215332,44.709999084472656,9269600.0,44.24696350097656
2018-07-30,44.970001220703125,44.4900016784668,44.63999938964844,44.529998779296875,7504400.0,44.068824768066406
2018-07-31,44.81999969482422,44.34000015258789,44.619998931884766,44.41999816894531,6004800.0,43.959964752197266
2018-08-01,44.709999084472656,44.189998626708984,44.22999954223633,44.529998779296875,3798800.0,44.068824768066406
2018-08-02,44.7599983215332,44.380001068115234,44.400001525878906,44.65999984741211,3092400.0,44.19748306274414
2018-08-03,45.099998474121094,44.5099983215332,44.630001068115234,44.91999816894531,4918100.0,44.45478820800781
2018-08-06,45.58000183105469,44.709999084472656,44.849998474121094,45.27000045776367,2693400.0,44.80116653442383
2018-08-07,45.5099983215332,45.040000915527344,45.27000045776367,45.060001373291016,3238100.0,44.59334182739258
2018-08-08,45.11000061035156,44.61000061035156,44.849998474121094,44.959999084472656,4047200.0,44.49437713623047
2018-08-09,45.25,44.58000183105469,44.93000030517578,45.060001373291016,2969400.0,44.59334182739258
2018-08-10,45.06999969482422,44.689998626708984,44.900001525878906,44.91999816894531,2786600.0,44.45478820800781
2018-08-13,45.04999923706055,44.56999969482422,45.02000045776367,44.709999084472656,3401300.0,44.24696350097656
2018-08-14,45.22999954223633,44.77000045776367,44.86000061035156,44.970001220703125,3641900.0,44.5042724609375
2018-08-15,44.939998626708984,44.56999969482422,44.68000030517578,44.79999923706055,4270100.0,44.33603286743164
2018-08-16,45.22999954223633,44.779998779296875,44.900001525878906,45.119998931884766,4486600.0,44.65271759033203
2018-08-17,45.119998931884766,44.689998626708984,45.119998931884766,44.83000183105469,4069400.0,44.36572265625
2018-08-20,44.970001220703125,44.720001220703125,44.83000183105469,44.790000915527344,2686200.0,44.32613754272461
2018-08-21,45.04999923706055,44.7400016784668,44.779998779296875,44.84000015258789,4382700.0,44.37561798095703
2018-08-22,44.95000076293945,44.68000030517578,44.75,44.75,4231600.0,44.28655242919922
2018-08-23,44.970001220703125,44.59000015258789,44.720001220703125,44.65999984741211,3002800.0,44.19748306274414
2018-08-24,44.779998779296875,44.52000045776367,44.709999084472656,44.58000183105469,4312400.0,44.11831283569336
2018-08-27,44.77000045776367,44.54999923706055,44.650001525878906,44.61000061035156,2943200.0,44.14799880981445
2018-08-28,44.790000915527344,44.540000915527344,44.65999984741211,44.599998474121094,7508200.0,44.13810348510742
2018-08-29,45.08000183105469,44.54999923706055,44.63999938964844,45.0099983215332,3758400.0,44.54385757446289
2018-08-30,45.029998779296875,44.54999923706055,44.880001068115234,44.72999954223633,5611500.0,44.26675796508789
2018-08-31,44.939998626708984,44.58000183105469,44.61000061035156,44.900001525878906,2947200.0,44.435001373291016
2018-09-04,44.939998626708984,44.68000030517578,44.79999923706055,44.869998931884766,3911200.0,44.405303955078125
2018-09-05,44.959999084472656,44.63999938964844,44.72999954223633,44.720001220703125,4820600.0,44.25686264038086
2018-09-06,45.0,44.59000015258789,44.709999084472656,44.880001068115234,3886100.0,44.41520690917969
2018-09-07,44.93000030517578,44.70000076293945,44.79999923706055,44.7400016784668,2352000.0,44.27665328979492
2018-09-10,44.91999816894531,44.380001068115234,44.81999969482422,44.45000076293945,3928400.0,43.98965835571289
2018-09-11,44.439998626708984,44.099998474121094,44.189998626708984,44.310001373291016,3152600.0,44.02940368652344
2018-09-12,44.43000030517578,44.119998931884766,44.279998779296875,44.209999084472656,2516100.0,43.93003463745117
2018-09-13,44.439998626708984,44.2400016784668,44.40999984741211,44.380001068115234,3132700.0,44.098960876464844
2018-09-14,44.540000915527344,44.31999969482422,44.47999954223633,44.41999816894531,2995700.0,44.13870620727539
2018-09-17,44.529998779296875,44.220001220703125,44.439998626708984,44.34000015258789,2865500.0,44.0592155456543
2018-09-18,44.5,44.13999938964844,44.33000183105469,44.15999984741211,3506700.0,43.88035202026367
2018-09-19,44.380001068115234,44.11000061035156,44.119998931884766,44.2599983215332,3040500.0,43.97971725463867
2018-09-20,44.459999084472656,44.16999816894531,44.36000061035156,44.20000076293945,4185700.0,43.920101165771484
2018-09-21,44.369998931884766,43.810001373291016,44.369998931884766,43.88999938964844,14400100.0,43.612064361572266
2018-09-24,44.68000030517578,44.040000915527344,44.040000915527344,44.650001525878906,3759700.0,44.367252349853516
2018-09-25,45.0099983215332,44.59000015258789,44.61000061035156,44.810001373291016,6209900.0,44.52623748779297
2018-09-26,45.65999984741211,44.65999984741211,44.900001525878906,45.2599983215332,5809500.0,44.973384857177734
2018-09-27,45.77000045776367,45.13999938964844,45.36000061035156,45.4900016784668,4509300.0,45.20193099975586
2018-09-28,46.0,45.209999084472656,45.5,45.81999969482422,3758900.0,45.529842376708984
2018-10-01,45.95000076293945,45.47999954223633,45.81999969482422,45.84000015258789,3674500.0,45.549713134765625
2018-10-02,46.29999923706055,45.72999954223633,45.72999954223633,46.18000030517578,3227000.0,45.8875617980957
2018-10-03,46.54999923706055,46.13999938964844,46.220001220703125,46.5099983215332,3142000.0,46.21546936035156
2018-10-04,46.54999923706055,46.04999923706055,46.40999984741211,46.27000045776367,3727400.0,45.976993560791016
2018-10-05,46.470001220703125,45.59000015258789,46.38999938964844,45.83000183105469,4152000.0,45.53977966308594
2018-10-08,45.95000076293945,45.130001068115234,45.650001525878906,45.470001220703125,2759200.0,45.18206024169922
2018-10-09,45.65999984741211,45.130001068115234,45.619998931884766,45.2599983215332,4233000.0,44.973384857177734
2018-10-10,45.31999969482422,44.36000061035156,45.060001373291016,44.400001525878906,3483500.0,44.11883544921875
2018-10-11,45.0,44.13999938964844,44.41999816894531,44.790000915527344,5856000.0,44.50636291503906
2018-10-12,45.08000183105469,44.630001068115234,45.04999923706055,44.939998626708984,3885000.0,44.65541076660156
2018-10-15,45.47999954223633,44.880001068115234,44.9900016784668,45.130001068115234,2698600.0,44.84421157836914
2018-10-16,45.61000061035156,45.18000030517578,45.310001373291016,45.560001373291016,2562900.0,45.271488189697266
2018-10-17,45.66999816894531,45.060001373291016,45.459999084472656,45.459999084472656,2773500.0,45.172119140625
2018-10-18,45.619998931884766,45.15999984741211,45.4900016784668,45.43000030517578,3871800.0,45.142311096191406
2018-10-19,45.77000045776367,45.150001525878906,45.540000915527344,45.529998779296875,3928500.0,45.241676330566406
2018-10-22,45.779998779296875,45.29999923706055,45.52000045776367,45.439998626708984,3755100.0,45.152244567871094
2018-10-23,45.59000015258789,44.97999954223633,45.31999969482422,45.369998931884766,4249500.0,45.08269119262695
2018-10-24,45.5099983215332,44.2400016784668,45.29999923706055,44.290000915527344,5938700.0,44.0095329284668
2018-10-25,45.040000915527344,44.58000183105469,44.709999084472656,44.790000915527344,4956100.0,44.50636291503906
2018-10-26,45.029998779296875,44.130001068115234,44.2400016784668,44.79999923706055,8451400.0,44.516300201416016
2018-10-29,45.56999969482422,44.58000183105469,45.2599983215332,45.209999084472656,5608100.0,44.923702239990234
2018-10-30,45.40999984741211,44.75,45.369998931884766,45.290000915527344,4216500.0,45.003196716308594
2018-10-31,45.56999969482422,44.97999954223633,45.4900016784668,45.18000030517578,4151400.0,44.89389419555664
2018-11-01,46.540000915527344,45.029998779296875,45.13999938964844,46.20000076293945,7260100.0,45.90743637084961
2018-11-02,46.709999084472656,45.959999084472656,46.54999923706055,46.08000183105469,7151000.0,45.7881965637207
2018-11-05,46.5099983215332,46.130001068115234,46.439998626708984,46.40999984741211,3186600.0,46.11610412597656
2018-11-06,46.81999969482422,46.16999816894531,46.16999816894531,46.779998779296875,2833500.0,46.483760833740234
2018-11-07,47.2599983215332,46.54999923706055,47.0,47.15999984741211,2500400.0,46.86135482788086
2018-11-08,47.59000015258789,47.08000183105469,47.18000030517578,47.470001220703125,3295900.0,47.169395446777344
2018-11-09,48.15999984741211,47.4900016784668,47.630001068115234,47.709999084472656,5183900.0,47.40787124633789
2018-11-12,47.95000076293945,47.47999954223633,47.75,47.59000015258789,2975600.0,47.288631439208984
2018-11-13,47.849998474121094,47.220001220703125,47.650001525878906,47.279998779296875,3244000.0,46.980594635009766
2018-11-14,47.810001373291016,47.31999969482422,47.40999984741211,47.43000030517578,4711000.0,47.12964630126953
2018-11-15,47.90999984741211,47.0099983215332,47.150001525878906,47.790000915527344,4864900.0,47.48736572265625
2018-11-16,47.95000076293945,47.380001068115234,47.75,47.72999954223633,3845500.0,47.4277458190918
2018-11-19,49.459999084472656,47.43000030517578,47.709999084472656,48.540000915527344,12409500.0,48.23261642456055
2018-11-20,48.7400016784668,48.0099983215332,48.5099983215332,48.310001373291016,8315400.0,48.00407409667969
2018-11-21,48.900001525878906,48.220001220703125,48.40999984741211,48.540000915527344,5961600.0,48.23261642456055
2018-11-23,48.75,48.279998779296875,48.29999923706055,48.65999984741211,2459500.0,48.35185623168945
2018-11-26,48.939998626708984,48.380001068115234,48.939998626708984,48.54999923706055,4411200.0,48.2425537109375
2018-11-27,48.959999084472656,48.4900016784668,48.4900016784668,48.88999938964844,5156100.0,48.58039855957031
2018-11-28,49.34000015258789,48.689998626708984,48.689998626708984,49.25,5271000.0,48.9381217956543
2018-11-29,49.470001220703125,49.09000015258789,49.15999984741211,49.29999923706055,5042200.0,48.9878044128418
2018-11-30,49.400001525878906,48.91999816894531,49.38999938964844,49.029998779296875,7928100.0,48.719512939453125
2018-12-03,49.38999938964844,48.83000183105469,49.189998626708984,49.38999938964844,5592200.0,49.077232360839844
2018-12-04,49.40999984741211,48.77000045776367,49.33000183105469,48.91999816894531,5235600.0,48.61021041870117
2018-12-06,49.2400016784668,48.68000030517578,48.68000030517578,49.22999954223633,6981600.0,48.91824722290039
2018-12-07,49.2599983215332,48.88999938964844,49.09000015258789,48.9900016784668,6952500.0,48.67976760864258
2018-12-10,49.130001068115234,48.68000030517578,49.060001373291016,49.02000045776367,5608600.0,48.70957946777344
2018-12-11,49.369998931884766,48.939998626708984,49.36000061035156,49.0099983215332,4400600.0,48.69963836669922
2018-12-12,49.369998931884766,48.810001373291016,49.369998931884766,48.91999816894531,5084700.0,48.61021041870117
2018-12-13,49.13999938964844,48.86000061035156,48.959999084472656,48.91999816894531,7095500.0,48.61021041870117
2018-12-14,49.09000015258789,48.709999084472656,48.709999084472656,48.79999923706055,6816800.0,48.490970611572266
2018-12-17,49.09000015258789,48.529998779296875,48.959999084472656,48.77000045776367,5172200.0,48.46116256713867
2018-12-18,48.95000076293945,48.27000045776367,48.95000076293945,48.5,4779600.0,48.19287109375
2018-12-19,49.06999969482422,47.9900016784668,48.63999938964844,48.189998626708984,6606800.0,47.884830474853516
2018-12-20,48.34000015258789,47.400001525878906,48.0099983215332,47.72999954223633,8116900.0,47.4277458190918
2018-12-21,48.119998931884766,46.5,47.779998779296875,46.599998474121094,10885500.0,46.304901123046875
2018-12-24,46.81999969482422,46.0,46.599998474121094,46.0,3661500.0,45.708702087402344
2018-12-26,47.560001373291016,46.150001525878906,46.31999969482422,47.529998779296875,5593500.0,47.22901153564453
2018-12-27,47.83000183105469,46.70000076293945,47.130001068115234,47.75,5529000.0,47.4476203918457
2018-12-28,48.20000076293945,47.40999984741211,47.959999084472656,47.619998931884766,3916400.0,47.318443298339844
2018-12-31,47.97999954223633,47.29999923706055,47.86000061035156,47.779998779296875,3807000.0,47.4774284362793
2019-01-02,47.7599983215332,47.22999954223633,47.33000183105469,47.470001220703125,4569200.0,47.169395446777344
2019-01-03,47.56999969482422,46.849998474121094,47.310001373291016,47.18000030517578,6728700.0,46.881229400634766
2019-01-04,48.029998779296875,47.310001373291016,47.5099983215332,47.779998779296875,4681100.0,47.4774284362793
2019-01-07,48.040000915527344,47.5099983215332,47.52000045776367,47.939998626708984,3551000.0,47.63641357421875
2019-01-08,48.45000076293945,48.06999969482422,48.09000015258789,48.36000061035156,2959500.0,48.05375671386719
2019-01-09,48.56999969482422,48.150001525878906,48.20000076293945,48.470001220703125,3359600.0,48.163063049316406
2019-01-10,48.619998931884766,48.15999984741211,48.22999954223633,48.470001220703125,2901500.0,48.163063049316406
2019-01-11,48.56999969482422,48.2400016784668,48.2400016784668,48.400001525878906,3508800.0,48.093505859375
2019-01-14,48.5,48.15999984741211,48.15999984741211,48.34000015258789,2649400.0,48.03388214111328
2019-01-15,48.47999954223633,48.11000061035156,48.400001525878906,48.34000015258789,3136800.0,48.03388214111328
2019-01-16,48.36000061035156,48.029998779296875,48.22999954223633,48.04999923706055,2604700.0,47.74571990966797
2019-01-17,48.27000045776367,47.810001373291016,47.93000030517578,48.060001373291016,5331900.0,47.75565719604492
2019-01-18,48.400001525878906,48.0099983215332,48.400001525878906,48.349998474121094,4633800.0,48.043819427490234
2019-01-22,48.4900016784668,48.0,48.189998626708984,48.400001525878906,4083300.0,48.093505859375
2019-01-23,48.630001068115234,48.2400016784668,48.400001525878906,48.45000076293945,4323000.0,48.1431884765625
2019-01-24,48.68000030517578,48.33000183105469,48.439998626708984,48.65999984741211,6109200.0,48.35185623168945
2019-01-25,48.970001220703125,48.63999938964844,48.81999969482422,48.970001220703125,2449400.0,48.65989685058594
2019-01-28,48.97999954223633,48.709999084472656,48.93000030517578,48.91999816894531,2427500.0,48.61021041870117
2019-01-29,49.06999969482422,48.65999984741211,49.0,48.79999923706055,3200100.0,48.490970611572266
2019-01-30,48.97999954223633,48.4900016784668,48.81999969482422,48.75,4522900.0,48.441287994384766
2019-01-31,49.119998931884766,48.7400016784668,48.79999923706055,49.060001373291016,6446900.0,48.749324798583984
2019-02-01,49.150001525878906,48.93000030517578,49.11000061035156,49.099998474121094,3996000.0,48.78907012939453
2019-02-04,49.11000061035156,48.959999084472656,48.959999084472656,49.09000015258789,2720400.0,48.77913284301758
2019-02-05,49.150001525878906,48.97999954223633,49.060001373291016,49.029998779296875,3288900.0,48.719512939453125
2019-02-06,49.290000915527344,48.97999954223633,49.029998779296875,49.119998931884766,3781100.0,48.80894088745117
2019-02-07,49.18000030517578,48.91999816894531,49.029998779296875,49.16999816894531,3386900.0,48.85862350463867
2019-02-08,49.34000015258789,48.97999954223633,48.97999954223633,49.33000183105469,3845700.0,49.017616271972656
2019-02-11,49.40999984741211,49.099998474121094,49.38999938964844,49.220001220703125,4277500.0,48.90830993652344
2019-02-12,49.29999923706055,49.16999816894531,49.27000045776367,49.2400016784668,2540000.0,48.928184509277344
2019-02-13,49.470001220703125,49.2400016784668,49.310001373291016,49.2599983215332,4769700.0,48.948055267333984
2019-02-14,49.70000076293945,49.150001525878906,49.209999084472656,49.630001068115234,4103800.0,49.31571578979492
2019-02-15,50.029998779296875,49.68000030517578,49.900001525878906,50.02000045776367,4675000.0,49.703243255615234
2019-02-19,50.22999954223633,49.81999969482422,49.900001525878906,50.16999816894531,2656100.0,49.852291107177734
2019-02-20,50.380001068115234,50.09000015258789,50.189998626708984,50.380001068115234,4305400.0,50.06096649169922
2019-02-21,50.5099983215332,50.0099983215332,50.34000015258789,50.43000030517578,7215200.0,50.11064910888672
2019-02-22,50.83000183105469,50.380001068115234,50.599998474121094,50.83000183105469,5472600.0,50.50811767578125
2019-02-25,50.959999084472656,50.29999923706055,50.90999984741211,50.40999984741211,2847100.0,50.09077453613281
2019-02-26,50.599998474121094,50.279998779296875,50.470001220703125,50.59000015258789,3726000.0,50.26963424682617
2019-02-27,50.540000915527344,50.11000061035156,50.5099983215332,50.119998931884766,3953000.0,49.802608489990234
2019-02-28,50.25,49.900001525878906,50.119998931884766,50.15999984741211,5565600.0,49.84235763549805
2019-03-01,50.369998931884766,50.099998474121094,50.36000061035156,50.310001373291016,3919400.0,49.99140930175781
2019-03-04,50.540000915527344,49.900001525878906,50.40999984741211,50.38999938964844,6122100.0,50.070899963378906
2019-03-05,50.45000076293945,50.22999954223633,50.369998931884766,50.310001373291016,7125000.0,49.99140930175781
2019-03-06,50.40999984741211,50.189998626708984,50.380001068115234,50.380001068115234,4198400.0,50.06096649169922
2019-03-07,50.349998474121094,50.15999984741211,50.27000045776367,50.279998779296875,2607500.0,49.96159744262695
2019-03-08,50.279998779296875,49.95000076293945,50.040000915527344,50.209999084472656,4669700.0,49.89204025268555
2019-03-11,50.33000183105469,50.04999923706055,50.29999923706055,50.27000045776367,4449700.0,49.95166015625
2019-03-12,50.689998626708984,50.2599983215332,50.40999984741211,50.68000030517578,8897800.0,50.359066009521484
2019-03-13,39.29999923706055,38.0,38.599998474121094,39.20000076293945,306000.0,38.95176315307617
2019-03-14,40.650001525878906,39.31999969482422,39.5,39.959999084472656,279700.0,39.70695114135742
2019-03-15,41.04999923706055,40.5,40.54999923706055,41.02000045776367,164200.0,40.76023864746094
2019-03-18,41.72999954223633,40.470001220703125,41.72999954223633,40.86000061035156,581700.0,40.60124969482422
2019-03-19,41.400001525878906,39.04999923706055,41.400001525878906,39.54999923706055,2540200.0,39.29954528808594
2019-03-20,39.85100173950195,37.459999084472656,39.849998474121094,37.599998474121094,5147900.0,37.36189270019531
2019-03-21,38.90999984741211,37.84000015258789,38.0,38.880001068115234,8865500.0,38.6337890625
2019-03-22,38.84000015258789,36.54999923706055,38.7599983215332,37.459999084472656,4902500.0,37.222782135009766
2019-03-25,37.810001373291016,36.349998474121094,37.56999969482422,36.45000076293945,4035100.0,36.21917724609375
2019-03-26,37.349998474121094,36.459999084472656,36.459999084472656,36.709999084472656,3350900.0,36.47753143310547
2019-03-27,37.16999816894531,36.060001373291016,36.75,36.20000076293945,2871300.0,35.970760345458984
2019-03-28,36.470001220703125,35.54999923706055,36.13999938964844,35.66999816894531,2220600.0,35.444114685058594
2019-03-29,36.16999816894531,35.38999938964844,35.880001068115234,35.880001068115234,2679200.0,35.65279006958008
2019-04-01,36.34000015258789,35.939998626708984,36.16999816894531,36.150001525878906,4338400.0,35.921077728271484
2019-04-02,36.459999084472656,35.209999084472656,36.209999084472656,35.70000076293945,1491200.0,35.47392654418945
2019-04-03,35.88999938964844,35.29999923706055,35.779998779296875,35.5,2831600.0,35.27519226074219
2019-04-04,36.06999969482422,35.38999938964844,35.560001373291016,36.029998779296875,2223200.0,35.80183792114258
2019-04-05,37.09000015258789,35.939998626708984,35.9900016784668,36.97999954223633,2116200.0,36.745819091796875
2019-04-08,36.939998626708984,36.650001525878906,36.939998626708984,36.849998474121094,1929000.0,36.616641998291016
2019-04-09,37.06999969482422,36.59000015258789,36.810001373291016,36.88999938964844,1793900.0,36.65639114379883
2019-04-10,37.04999923706055,35.86000061035156,36.90999984741211,35.93000030517578,843600.0,35.70247268676758
2019-04-11,36.5,35.529998779296875,35.97999954223633,36.40999984741211,978200.0,36.1794319152832
2019-04-12,37.08000183105469,35.91999816894531,36.470001220703125,36.95000076293945,3175200.0,36.71601104736328
2019-04-15,36.9900016784668,36.470001220703125,36.90999984741211,36.97999954223633,891200.0,36.745819091796875
2019-04-16,37.279998779296875,36.93000030517578,37.11000061035156,37.209999084472656,1869000.0,36.974365234375
2019-04-17,38.25,37.18000030517578,37.18000030517578,38.209999084472656,2122100.0,37.96803283691406
2019-04-18,38.369998931884766,37.91999816894531,38.34000015258789,37.91999816894531,2315200.0,37.679866790771484
2019-04-22,37.880001068115234,37.11000061035156,37.84000015258789,37.2400016784668,1665000.0,37.00417709350586
2019-04-23,37.81999969482422,37.06999969482422,37.220001220703125,37.599998474121094,5455100.0,37.36189270019531
2019-04-24,37.7599983215332,37.33000183105469,37.5099983215332,37.45000076293945,1230800.0,37.21284484863281
2019-04-25,37.68000030517578,37.040000915527344,37.47999954223633,37.63999938964844,1422800.0,37.401641845703125
2019-04-26,37.939998626708984,37.400001525878906,37.79999923706055,37.90999984741211,2505700.0,37.6699333190918
2019-04-29,38.90999984741211,37.689998626708984,37.7400016784668,38.72999954223633,1716800.0,38.484737396240234
2019-04-30,38.779998779296875,37.88999938964844,38.59000015258789,38.5,1810000.0,38.256195068359375
2019-05-01,38.79999923706055,38.09000015258789,38.65999984741211,38.7400016784668,1475000.0,38.49467849731445
2019-05-02,38.79999923706055,36.5,38.75,36.84000015258789,2627700.0,36.60670852661133
2019-05-03,37.2599983215332,36.63999938964844,36.86000061035156,37.02000045776367,1229700.0,36.78556823730469
2019-05-06,37.400001525878906,36.470001220703125,36.720001220703125,37.310001373291016,1533900.0,37.073734283447266
2019-05-07,37.220001220703125,36.57500076293945,36.970001220703125,36.70000076293945,1412300.0,36.467594146728516
2019-05-08,37.08000183105469,36.27000045776367,36.560001373291016,36.81999969482422,2108700.0,36.58683395385742
2019-05-09,38.630001068115234,36.95000076293945,38.08000183105469,37.970001220703125,3458200.0,37.72955322265625
2019-05-10,38.25,36.97999954223633,37.900001525878906,38.04999923706055,1633500.0,37.809043884277344
2019-05-13,38.150001525878906,37.220001220703125,37.47999954223633,37.5,1598400.0,37.26252746582031
2019-05-14,38.025001525878906,37.404998779296875,37.540000915527344,37.47999954223633,1663100.0,37.242652893066406
2019-05-15,37.47999954223633,37.130001068115234,37.2400016784668,37.22999954223633,873900.0,36.99423599243164
2019-05-16,37.599998474121094,36.279998779296875,37.279998779296875,36.31999969482422,2680000.0,36.09000015258789
2019-05-17,37.06999969482422,36.08000183105469,36.08000183105469,36.83000183105469,1084400.0,36.83000183105469
2019-05-20,37.13999938964844,36.540000915527344,36.540000915527344,36.68000030517578,996400.0,36.68000030517578
2019-05-21,37.525001525878906,36.63999938964844,36.81999969482422,37.18000030517578,1272400.0,37.18000030517578
2019-05-22,37.290000915527344,36.619998931884766,37.099998474121094,36.66999816894531,830200.0,36.66999816894531
2019-05-23,36.630001068115234,36.18000030517578,36.38999938964844,36.5099983215332,1860100.0,36.5099983215332
2019-05-24,36.7599983215332,36.400001525878906,36.5099983215332,36.529998779296875,537034.0,36.529998779296875
